Price,Close,MA_20,RSI,MACD,Signal_Line
Ticker,AAPL,,,,
Date,,,,,
2020-01-02,75.0875015258789,,,0.0,0.0
2020-01-03,74.35749816894531,,,-0.058233886023188575,-0.011646777204637715
2020-01-06,74.94999694824219,,,-0.05593023158435528,-0.02050346808058123
2020-01-07,74.59750366210938,,,-0.081607115102031,-0.03272419748487119
2020-01-08,75.79750061035156,,,-0.005068083638136045,-0.027192974715524162
2020-01-09,77.40750122070312,,,0.18338924706546322,0.014923469640673318
2020-01-10,77.5824966430664,,,0.34291084473328226,0.08052094465919511
2020-01-13,79.23999786376953,,,0.5962066571532318,0.18365808715800247
2020-01-14,78.16999816894531,,,0.7025073133691819,0.28742793240023834
2020-01-15,77.83499908447266,,,0.7510619482429064,0.380154735568772
2020-01-16,78.80999755859375,,,0.8583218743759318,0.475788163330204
2020-01-17,79.68250274658203,,,1.0021775366344627,0.5810660379910558
2020-01-21,79.14250183105469,,,1.0603871415911499,0.6769302587110747
2020-01-22,79.42500305175781,,70.86843370663613,1.1164444834042655,0.7648331036497129
2020-01-23,79.80750274658203,,71.90257027543723,1.17815383531331,0.8474972499824325
2020-01-24,79.57749938964844,,75.40148088306488,1.1947275174774035,0.9169433034814267
2020-01-27,77.23750305175781,,59.513444497186214,1.0074310931590986,0.9350408614169611
2020-01-28,79.42250061035156,,67.41248082325902,1.0235099837017145,0.9527346858739119
2020-01-29,81.08499908447266,,68.46516322138224,1.1570644345273706,0.9936006356046037
2020-01-30,80.96749877929688,78.00912513732911,63.879136084635434,1.2391419493251448,1.042708898348712
2020-01-31,77.37750244140625,78.12362518310547,49.368860133542604,1.002944944513601,1.0347561075816898
2020-02-03,77.16500091552734,78.26400032043458,42.98750522119832,0.7895090504228932,0.9857066961499306
2020-02-04,79.7125015258789,78.5021255493164,54.739601916479636,0.8165093638508552,0.9518672296901155
2020-02-05,80.36250305175781,78.79037551879883,57.618700029482696,0.8802104791268874,0.93753587957747
2020-02-06,81.30249786376953,79.06562538146973,57.52907605151069,0.9950732128042006,0.9490433462228162
2020-02-07,80.00749969482422,79.19562530517578,50.9572816598695,0.9704208201534072,0.9533188410089344
2020-02-10,80.38749694824219,79.33587532043457,53.702040042214655,0.9703605119942154,0.9567271752059906
2020-02-11,79.90249633789062,79.36900024414062,51.40294891406294,0.9205655151805416,0.9494948432009009
2020-02-12,81.80000305175781,79.55050048828124,55.37569403534079,1.0224296228836778,0.9640817991374563
2020-02-13,81.21749877929688,79.71962547302246,54.342070073292305,1.0441184875501222,0.9800891368199895
2020-02-14,81.23750305175781,79.84100074768067,62.0736474810336,1.0508081840229977,0.9942329462605912
2020-02-18,79.75,79.84437561035156,51.03198117498627,0.9254131650621105,0.9804689900208952
2020-02-19,80.90499877929688,79.93250045776367,49.41406182091098,0.9087598401214336,0.9661271600410029
2020-02-20,80.07499694824219,79.96500015258789,47.22351442285783,0.8191451535439143,0.9367307587415852
2020-02-21,78.26249694824219,79.8877498626709,53.09546581159175,0.5950123346749905,0.8683870739282662
2020-02-24,74.54499816894531,79.63612480163575,42.64044613929294,0.11607632228763975,0.7179249236001409
2020-02-25,72.0199966430664,79.37524948120117,28.364506075616262,-0.46190587549095596,0.4819587637819216
2020-02-26,73.1624984741211,79.06224937438965,30.29556681102791,-0.8183372989029749,0.22189955124494232
2020-02-27,68.37999725341797,78.42699928283692,20.78012456819991,-1.4697769753200163,-0.1164357540680494
2020-02-28,68.33999633789062,77.79562416076661,22.030464874094534,-1.9666055472521293,-0.4864697127048654
2020-03-02,74.70249938964844,77.66187400817871,39.4094786320316,-1.8258971416769327,-0.7543551984992789
2020-03-03,72.33000183105469,77.42012405395508,36.820140575677215,-1.8841066332459633,-0.9803054854486158
2020-03-04,75.68499755859375,77.21874885559082,39.87079195533325,-1.6406060727827452,-1.1123656029154418
2020-03-05,73.2300033569336,76.86212387084962,37.54192507522298,-1.6269729081900692,-1.2152870639703675
2020-03-06,72.25749969482422,76.40987396240234,36.39805698910043,-1.6753292917892537,-1.3072955095341448
2020-03-09,66.5425033569336,75.73662414550782,32.26586335458194,-2.150020419377725,-1.475840491502861
2020-03-10,71.33499908447266,75.28399925231933,38.29357616992938,-2.115120413788617,-1.603696475960012
2020-03-11,68.85749816894531,74.73174934387207,36.80992294260635,-2.261308568895771,-1.735218894547164
2020-03-12,62.057498931884766,73.74462413787842,32.94569438945521,-2.8925236316210743,-1.9666798419619462
2020-03-13,69.49250030517578,73.15837421417237,45.068568126544235,-2.7609965925066007,-2.1255431920708774
2020-03-16,60.5525016784668,72.1241241455078,40.05291505656977,-3.3396462774677076,-2.3683638091502437
2020-03-17,63.21500015258789,71.29737415313721,41.593069510005456,-3.5425526050433263,-2.6032015683288603
2020-03-18,61.66749954223633,70.33549919128419,43.998927771568965,-3.7846011712910865,-2.839481488921306
2020-03-19,61.19499969482422,69.39149932861328,43.661285929638446,-3.96880329881391,-3.065345850899827
2020-03-20,57.310001373291016,68.34387454986572,33.86071148191547,-4.377807073390684,-3.3278380953979987
2020-03-23,56.092498779296875,67.4212495803833,34.60242997602262,-4.745484800874692,-3.611367436493338
2020-03-24,61.720001220703125,66.90624980926513,37.30454702266999,-4.530554223938026,-3.7952047939822755
2020-03-25,61.380001068115234,66.31712493896484,38.796442597225735,-4.337653593508186,-3.903694553887458
2020-03-26,64.61000061035156,66.12862510681153,43.06569353164804,-3.879424890018555,-3.8988406211136772
2020-03-27,61.935001373291016,65.80837535858154,45.57842498918428,-3.689594079813361,-3.856991312853614
2020-03-30,63.70249938964844,65.25837535858155,42.224033630741495,-3.357822588121927,-3.757157567907277
2020-03-31,63.5724983215332,64.82050018310547,44.345174514034255,-3.0699923298301854,-3.619724520291859
2020-04-01,60.227500915527344,64.04762535095215,47.88561743137357,-3.0763360250399145,-3.5110468212414703
2020-04-02,61.23249816894531,63.447750091552734,38.790875867896844,-2.966077475144786,-3.4020529520221334
2020-04-03,60.352500915527344,62.85250015258789,49.65259541947302,-2.916090329771464,-3.3048604275719997
2020-04-06,65.61750030517578,62.80625,53.82716157414345,-2.4236948619455276,-3.128627314446706
2020-04-07,64.85749816894531,62.48237495422363,55.212416966430034,-2.0709214337818196,-2.9170861383137288
2020-04-08,66.51750183105469,62.3653751373291,58.372005334996146,-1.638509806946459,-2.661370872040275
2020-04-09,66.99749755859375,62.61237506866455,67.06596950849166,-1.2427630349276484,-2.3776493046177496
2020-04-13,68.3125,62.55337505340576,71.45365704687738,-0.813642001297282,-2.064847843953656
2020-04-14,71.76249694824219,63.11387481689453,69.09038961340326,-0.1929503579801377,-1.6904683467589525
2020-04-15,71.10749816894531,63.508499717712404,68.27275508895231,0.24329476317036836,-1.3037157247730884
2020-04-16,71.67250061035156,64.00874977111816,64.74272503815097,0.6273810811848364,-0.9174963635815035
2020-04-17,70.69999694824219,64.48399963378907,69.6966226464814,0.8435751284503112,-0.5652820651751407
2020-04-20,69.23249816894531,65.08012447357177,62.59680990465862,0.8862791075497114,-0.2749698306301703
2020-04-21,67.09249877929688,65.63012447357178,57.345578365376426,0.7389243921992374,-0.07219098606428873
2020-04-22,69.0250015258789,65.99537448883056,69.5088155498544,0.7692145136069684,0.09609011386996269
2020-04-23,68.75749969482422,66.36424942016602,67.2512602840261,0.7628409354393568,0.22944027818384152
2020-04-24,70.74250030517578,66.67087440490722,72.67072990455186,0.9075016743339148,0.3650525574138562
2020-04-27,70.7925033569336,67.11374950408936,64.61864260664765,1.0144868080885914,0.4949394075488033
2020-04-28,69.6449966430664,67.41087436676025,63.23426131711805,0.9952069692336067,0.594992919885764
2020-04-29,71.93250274658203,67.8288745880127,64.46699266005304,1.151239411787401,0.7062422182660913
2020-04-30,73.44999694824219,68.48999938964843,66.33335934078073,1.3814211830171104,0.8412780112162952
2020-05-01,72.26750183105469,69.0417495727539,60.07900035541605,1.451690240210425,0.9633604570151213
2020-05-04,73.29000091552734,69.68862457275391,54.44235235018907,1.5717677448615746,1.0850419145844121
2020-05-05,74.38999938964844,70.12724952697754,59.305454142774586,1.7356828447903752,1.2151701006256048
2020-05-06,75.15750122070312,70.64224967956542,59.76737204307697,1.9055517119436303,1.35324642288921
2020-05-07,75.93499755859375,71.11312446594238,64.83422879789828,2.0789466665883793,1.498386471629044
2020-05-08,77.53250122070312,71.63987464904785,73.34739458993582,2.318541904195257,1.6624175581422866
2020-05-11,78.75250244140625,72.16187477111816,84.58913100551325,2.5771588754340087,1.8453658216006312
2020-05-12,77.85250091552734,72.46637496948242,77.89538297150088,2.6786146841642307,2.0120155941133513
2020-05-13,76.9124984741211,72.75662498474121,74.71959275386048,2.652591380189236,2.1401307513285284
2020-05-14,77.38500213623047,73.04225006103516,72.16751502708031,2.6396663899475925,2.240037879052341
2020-05-15,76.92749786376953,73.35362510681152,69.93173706127305,2.5629622375112717,2.3046227507441275
2020-05-18,78.73999786376953,73.82900009155273,78.32449930192618,2.6182457393060474,2.3673473484565113
2020-05-19,78.28500366210938,74.38862533569336,72.33258107759428,2.5954256321546296,2.412963005196135
2020-05-20,79.80750274658203,74.92775039672851,72.342313791038,2.669422049163117,2.4642548139895313
2020-05-21,79.2125015258789,75.45050048828125,75.4581969244159,2.6495112010177877,2.5013060913951826
2020-05-22,79.72250366210938,75.89950065612793,74.50008688582041,2.6444016049221233,2.529925194100571
2020-05-26,79.18250274658203,76.31900062561036,69.06703236729845,2.5671857331820576,2.5373773019168686
2020-05-27,79.52749633789062,76.81312561035156,67.99091634367127,2.504954145989444,2.530892670731384
2020-05-28,79.5625,77.19462547302246,65.90659395804757,2.4304430333886984,2.510802743262847
2020-05-29,79.48500061035156,77.49637565612792,59.878562826174225,2.3381857370669934,2.4762793420236764
2020-06-01,80.4625015258789,77.90612564086913,58.869283399351815,2.317235669255112,2.4444706074699636
2020-06-02,80.83499908447266,78.2833755493164,66.36486787442,2.3041294593272994,2.4164023778414307
2020-06-03,81.27999877929688,78.62787551879883,75.34087699743164,2.303101726813395,2.393742247635824
2020-06-04,80.58000183105469,78.89900054931641,68.06106280259908,2.2202101373565313,2.3590358255799653
2020-06-05,82.875,79.24600067138672,77.83762743942721,2.313041821346289,2.34983702473323
2020-06-08,83.36499786376953,79.53762550354004,74.70623524655372,2.3985018954127924,2.3595699988691425
2020-06-09,85.99749755859375,79.89987525939941,83.42361870652978,2.6481244146199856,2.4172808820193112
2020-06-10,88.20999908447266,80.41775016784668,84.35903067483132,2.9900154056402215,2.5318277867434933
2020-06-11,83.9749984741211,80.77087516784668,65.00708727444774,2.885969661532414,2.602656161701278
2020-06-12,84.69999694824219,81.13662490844726,65.47488477032815,2.8293984336110896,2.6480046160832402
2020-06-15,85.74749755859375,81.57762489318847,69.78601350297978,2.836393691950221,2.6856824312566365
2020-06-16,88.0199966430664,82.04162483215332,72.93101920997064,2.990832710869583,2.7467124871792263
2020-06-17,87.89749908447266,82.52224960327149,72.39990437108611,3.0679764935439806,2.810965288452177
2020-06-18,87.93250274658203,82.92849960327149,72.7542238606047,3.096246398958087,2.8680215105533593
2020-06-19,87.43000030517578,83.33937454223633,69.26054217121569,3.0430246611622636,2.9030221406751404
2020-06-22,89.71749877929688,83.8391242980957,72.20347956168493,3.149126885483909,2.9522430896368945
2020-06-23,91.63249969482422,84.46162414550781,74.1064217680017,3.349131528735427,3.031620777456601
2020-06-24,90.01499938964844,84.9859992980957,71.06966908394787,3.3386322188616333,3.093023065737608
2020-06-25,91.20999908447266,85.56837425231933,69.57491480987613,3.3876867840021987,3.151955809390526
2020-06-26,88.40750122070312,86.01449928283691,60.682137827217055,3.163952647512474,3.154355177014916
2020-06-29,90.44499969482422,86.51362419128418,59.66533129462777,3.1151414200214873,3.1465124256162302
2020-06-30,91.19999694824219,87.03187408447266,56.93735150557548,3.1016265193251797,3.1375352443580202
2020-07-01,91.02749633789062,87.51924896240234,70.16440231558457,3.04193101830343,3.1184143991471025
2020-07-02,91.02749633789062,88.04162368774413,68.8739762613707,2.960495158319972,3.0868305509816762
2020-07-06,93.4625015258789,88.57099876403808,71.2534526685434,3.0571997256560053,3.080904385916542
2020-07-07,93.17250061035156,89.06137390136719,65.93475459238255,3.0749915532343977,3.0797218193801137
2020-07-08,95.34249877929688,89.52862396240235,70.43644818358459,3.2269936475409082,3.1091761850122728
2020-07-09,95.75250244140625,89.90574913024902,71.03280803109541,3.342015595926071,3.1557440671950325
2020-07-10,95.91999816894531,90.50299911499023,73.25390068787851,3.407408341775948,3.2060769221112158
2020-07-13,95.47750091552734,91.0418743133545,67.55028497492435,3.38451218407198,3.241763974503369
2020-07-14,97.05750274658203,91.60737457275391,66.87404068947907,3.4540436916635855,3.2842199179354123
2020-07-15,97.7249984741211,92.09262466430664,75.48761313578109,3.522405145202427,3.3318569633888155
2020-07-16,96.52249908447266,92.52387466430665,67.55328856948967,3.4398974421603157,3.3534650591431157
2020-07-17,96.32749938964844,92.94362449645996,81.61677456453039,3.32049801321358,3.3468716499572086
2020-07-20,98.35749816894531,93.48999938964843,81.60576049266987,3.3510482434332545,3.347706968652418
2020-07-21,97.0,93.8541244506836,72.1036783929884,3.228504572795657,3.323866489481066
2020-07-22,97.27249908447266,94.13612442016601,73.61953772310363,3.117440318233605,3.282581255231574
2020-07-23,92.84500122070312,94.27762451171876,55.14947092463248,2.6417070662021302,3.1544064174256854
2020-07-24,92.61499786376953,94.34787445068359,47.255935789035796,2.2205288138727894,2.9676308967151064
2020-07-27,94.80999755859375,94.66799926757812,54.719694604115624,2.0403403717332225,2.7821727917187298
2020-07-28,93.25250244140625,94.80837440490723,43.755607507312554,1.7516707239937261,2.576072378173729
2020-07-29,95.04000091552734,95.00037460327148,48.033119927684425,1.6481354569027218,2.390484993919528
2020-07-30,96.19000244140625,95.25849990844726,50.70700306614384,1.6399739254126047,2.2403827802181433
2020-07-31,106.26000213623047,96.02012519836425,68.77013765189068,2.4181952205511976,2.275945268284754
2020-08-03,108.9375,96.79387512207032,69.91952289395213,3.2139445523644667,2.463545125100697
2020-08-04,109.66500091552734,97.61850013732911,69.97993070219562,3.858802995879998,2.742596699256557
2020-08-05,110.0625,98.35450019836426,73.28461889881098,4.3517683359041825,3.064431026586082
2020-08-06,113.90249633789062,99.26199989318847,76.85666945074398,4.994726434547971,3.4504901081784602
2020-08-07,111.11250305175781,100.0216251373291,69.04870418714542,5.218985008272,3.8041890881971687
2020-08-10,112.72750091552734,100.88412513732911,73.30864788845146,5.464042295812064,4.1361597297201484
2020-08-11,109.375,101.5,66.43580747495565,5.326334487423196,4.374194681260758
2020-08-12,113.01000213623047,102.26425018310547,77.98752061419773,5.447716466220399,4.588899038252687
2020-08-13,115.01000213623047,103.18862533569336,79.62695382836509,5.640278227771262,4.799174876156402
2020-08-14,114.90750122070312,104.1176254272461,78.14580574904329,5.718692318599295,4.983078364644981
2020-08-17,114.60749816894531,104.9301254272461,80.99869450829654,5.691025709636605,5.124667833643306
2020-08-18,115.5625,105.85825042724609,80.52808014786444,5.6806770799107795,5.2358696828968005
2020-08-19,115.7074966430664,106.78000030517578,79.92793048270104,5.619398802166103,5.312575506750662
2020-08-20,118.2750015258789,108.05150032043457,73.92949897312374,5.712165227038739,5.392493450808278
2020-08-21,124.37000274658203,109.63925056457519,77.05320929431342,6.205960498011692,5.555186860248961
2020-08-24,125.85749816894531,111.19162559509277,77.64876768934751,6.640774541748698,5.7723043965489085
2020-08-25,124.82499694824219,112.77025032043457,74.6720131301854,6.823397703233013,5.98252305788573
2020-08-26,126.52249908447266,114.34437522888183,72.71827552344786,7.024132285596863,6.190844903427957
2020-08-27,125.01000213623047,115.78537521362304,76.22416522966208,6.980700851001103,6.348816092942586
2020-08-28,124.80750274658203,116.71275024414062,74.07813154854921,6.850967429838732,6.4492463603218155
2020-08-31,129.0399932861328,117.71787490844727,87.86827664103261,7.008885306102016,6.561174149477856
2020-09-01,134.17999267578125,118.94362449645996,88.53293680099162,7.462765242450018,6.741492368072289
2020-09-02,131.39999389648438,120.01049919128418,79.0088428082337,7.511557139047156,6.895505322267263
2020-09-03,120.87999725341797,120.35937423706055,57.72289115025477,6.624980606289768,6.841400379071764
2020-09-04,120.95999908447266,120.85174903869628,58.261269372140156,5.861252920637611,6.645370887384934
2020-09-08,112.81999969482422,120.85637397766114,46.995013158860495,4.546751188024928,6.225646947512933
2020-09-09,117.31999969482422,121.25362396240234,51.61290667220191,3.824030443806734,5.745323646771694
2020-09-10,113.48999786376953,121.27762374877929,45.33170235437975,2.908690336385746,5.177996984694504
2020-09-11,112.0,121.12712364196777,36.740264033258256,2.0395358319075285,4.550304754137109
2020-09-14,115.36000061035156,121.14974861145019,39.181738069883345,1.6033659886901432,3.960917001047716
2020-09-15,115.54000091552734,121.1963737487793,40.26015018699345,1.2577245006712872,3.4202785009724304
2020-09-16,112.12999725341797,121.02474861145019,35.426048739757036,0.7005666381444229,2.876336128406829
2020-09-17,110.33999633789062,120.75637359619141,35.228065237135084,0.11327118406397574,2.3237231395382585
2020-09-18,106.83999633789062,120.18462333679199,33.03431452287407,-0.6273537008601551,1.7335077714585758
2020-09-21,110.08000183105469,119.47012329101562,31.755206884896296,-0.9420040562507808,1.1984054059167044
2020-09-22,111.80999755859375,118.76774826049805,26.96190143042888,-1.0397845438186408,0.7507674159696354
2020-09-23,107.12000274658203,117.88249855041504,25.94134800789793,-1.478674431688205,0.3048790464380673
2020-09-24,108.22000122070312,116.96737365722656,34.576028569330546,-1.717933873745153,-0.09968353759857682
2020-09-25,112.27999877929688,116.33087348937988,40.35983901332364,-1.5619358094433125,-0.39213399196752396
2020-09-28,114.95999908447266,115.83849830627442,52.70475167052122,-1.2081260673757725,-0.5553324070491737
2020-09-29,114.08999633789062,115.0909984588623,45.50514426732651,-0.9865588125786928,-0.6415776881550777
2020-09-30,115.80999755859375,114.17249870300293,53.42992270218629,-0.6645153239769854,-0.6461652153194593
2020-10-01,116.79000091552734,113.44199905395507,57.190033277531036,-0.3264523192604116,-0.5822226361076498
2020-10-02,113.0199966430664,113.0489990234375,46.53024413829836,-0.35860896898921624,-0.5374999026839631
2020-10-05,116.5,112.82599906921386,51.29659478097647,-0.10210910803571949,-0.4504217437543144
2020-10-06,113.16000366210938,112.84299926757812,51.39378387156519,-0.16642249625958527,-0.3936218942553686
2020-10-07,115.08000183105469,112.73099937438965,56.39159285207247,-0.06175167872697784,-0.32724785114969046
2020-10-08,114.97000122070312,112.80499954223633,62.065901296612,0.01218411741697878,-0.25936145743635663
2020-10-09,116.97000122070312,113.05349960327149,60.61633287768563,0.22951633243098968,-0.16158589946288737
2020-10-12,124.4000015258789,113.50549964904785,66.50065984760809,0.9898818661747271,0.06870765366463552
2020-10-13,121.0999984741211,113.78349952697754,69.01522308708964,1.311081036732034,0.31718233027811527
2020-10-14,121.19000244140625,114.23649978637695,68.13985410469786,1.5549715177585597,0.5647401677742042
2020-10-15,120.70999908447266,114.75499992370605,63.10226109303041,1.6900424642460905,0.7898006270685816
2020-10-16,119.0199966430664,115.36399993896484,56.51057494956969,1.6417925271170617,0.9601990070782777
2020-10-19,115.9800033569336,115.65900001525878,52.83359256487785,1.342773396545354,1.036713884971693
2020-10-20,117.51000213623047,115.94400024414062,52.56333534191571,1.2152480726904002,1.0724207225154345
2020-10-21,116.87000274658203,116.43150024414062,50.12187966666853,1.0504320064196548,1.0680229792962788
2020-10-22,115.75,116.80800018310546,54.52436664278636,0.8199869262075907,1.0184157686785411
2020-10-23,115.04000091552734,116.946000289917,47.335768242396426,0.5734561024800229,0.9294238354388374
2020-10-26,115.05000305175781,116.95050048828125,53.9260465611632,0.37456795113942576,0.8184526585789551
2020-10-27,116.5999984741211,117.07600059509278,53.206743353333934,0.33812167878315336,0.7223864626197948
2020-10-28,111.19999694824219,116.84550056457519,43.49775171075784,-0.125055684002362,0.5528980332953635
2020-10-29,115.31999969482422,116.77200050354004,47.34811782567954,-0.15785760743742117,0.4107469051488066
2020-10-30,108.86000061035156,116.56400070190429,24.220309727020123,-0.6970857353010445,0.18918037705883642
2020-11-02,108.7699966430664,116.17750053405761,27.107318607161375,-1.1187937219257549,-0.07241444273808184
2020-11-03,110.44000244140625,116.04150047302247,31.146972434640375,-1.303222095374693,-0.31857597326540404
2020-11-04,114.94999694824219,116.03500022888184,41.149351606991004,-1.0730940843363896,-0.46947959547960116
2020-11-05,119.02999877929688,116.23800010681153,50.01431740072013,-0.5550951366372061,-0.4866027037111222
2020-11-06,118.69000244140625,116.32400016784668,54.204155758937674,-0.17005184973437792,-0.42329253291577335
2020-11-09,116.31999969482422,115.92000007629395,48.20078291828082,-0.055501894199011303,-0.34973440517242094
2020-11-10,115.97000122070312,115.66350021362305,48.627209655394886,0.006957615982273069,-0.27839600094148215
2020-11-11,119.48999786376953,115.57849998474121,55.315517099667694,0.3366112935941885,-0.15539454203434802
2020-11-12,119.20999908447266,115.50349998474121,55.999997365388936,0.5687148558408808,-0.01057266245930226
2020-11-13,119.26000213623047,115.51550025939942,56.0505877747673,0.7480701425750453,0.14115589854756727
2020-11-16,120.30000305175781,115.73150024414062,55.39673845670375,0.9630286864963153,0.3055304561373169
2020-11-17,119.38999938964844,115.82550010681152,63.7462237197014,1.0478759294971667,0.4539995508092869
2020-11-18,118.02999877929688,115.88349990844726,55.01294569357051,0.9939200064698213,0.5619836419413938
2020-11-19,118.63999938964844,116.02799987792969,73.0878071658647,0.9889811410323546,0.647383141759586
2020-11-20,117.33999633789062,116.14299964904785,69.13800135822945,0.8701372720618252,0.6919339678200338
2020-11-23,113.8499984741211,116.08299942016602,57.042536475975915,0.48870549644732364,0.6512882735454918
2020-11-24,115.16999816894531,116.01149940490723,50.52331392955842,0.2895927647530101,0.5789491717869955
2020-11-25,116.02999877929688,116.25299949645996,41.573035152643584,0.19889659613448885,0.5029386566564942
2020-11-27,116.58999633789062,116.31649932861328,44.1731254006278,0.17024388640797383,0.4363997026067901
2020-11-30,119.05000305175781,116.8259994506836,57.53727806413155,0.3420949327551597,0.41753874863646406
2020-12-01,122.72000122070312,117.52349967956543,65.74894423886582,0.7656009348774404,0.48715118588465933
2020-12-02,123.08000183105469,118.15549964904785,59.82485393706986,1.117400832125199,0.6132011151327673
2020-12-03,122.94000244140625,118.55499992370605,60.28681958829914,1.3691255771521895,0.7643860075366518
2020-12-04,122.25,118.71599998474122,57.96482676570376,1.4957003185038644,0.9106488697300943
2020-12-07,123.75,118.9689998626709,58.97034575459945,1.6974816649360491,1.0680154287712853
2020-12-08,124.37999725341797,119.37199974060059,63.1662180959532,1.8864841341805203,1.2317091698531324
2020-12-09,121.77999877929688,119.66249961853028,59.286774508529504,1.805657311474306,1.346498798177367
2020-12-10,123.23999786376953,119.84999961853028,60.9315548335512,1.8382213253635484,1.4448433036146033
2020-12-11,122.41000366210938,120.0099998474121,62.32379504107709,1.7765756868211184,1.5111897802559064
2020-12-14,121.77999877929688,120.13599967956543,72.38848310310884,1.6577751453248055,1.5405068532696864
2020-12-15,127.87999725341797,120.51499938964844,78.2570037610985,2.0324153384376444,1.638888550303278
2020-12-16,127.80999755859375,120.93599929809571,77.14285814738585,2.297191407660449,1.7705491217747122
2020-12-17,128.6999969482422,121.46949920654296,77.48525029818016,2.549455328788028,1.9263303631773754
2020-12-18,126.66000366210938,121.87049942016601,67.60760242672104,2.5553098728997554,2.0521262651218515
2020-12-21,128.22999572753906,122.41499938964844,64.12096455045574,2.656017958287663,2.172904603755014
2020-12-22,131.8800048828125,123.31649971008301,69.29826263870113,2.995821114971946,2.3374879059984
2020-12-23,130.9600067138672,124.1060001373291,67.00595597856261,3.1545180804927924,2.500893940897279
2020-12-24,131.97000122070312,124.90300025939942,70.33474876285587,3.323473748263922,2.665409902370608
2020-12-28,136.69000244140625,125.90800056457519,73.85695437269845,3.7944963916362724,2.891227200223741
2020-12-29,134.8699951171875,126.69900016784668,68.52702507136895,3.97510333261269,3.108002426701531
2020-12-30,133.72000122070312,127.24900016784667,72.22637556410967,3.979566769468832,3.282315295254991
2020-12-31,132.69000244140625,127.72950019836426,67.87743080643294,3.855547431113436,3.3969617224266804
2021-01-04,129.41000366210938,128.05300025939943,62.11911792755137,3.4527910960920423,3.408127597159753
2021-01-05,131.00999450683594,128.49099998474122,65.46064200449023,3.2255278115823387,3.3716076400442705
2021-01-06,126.5999984741211,128.63349990844728,47.72727272727273,2.6589198246805807,3.229070076971533
2021-01-07,130.9199981689453,128.96049995422362,54.797906799371006,2.52931046786685,3.0891181551505964
2021-01-08,132.0500030517578,129.47400016784667,55.13018115676184,2.489083464230106,2.9691112169664984
2021-01-11,128.97999572753906,129.76100006103516,53.44416949220116,2.1843000883464754,2.812148991242494
2021-01-12,128.8000030517578,130.08050003051758,50.88263772489471,1.9062589953457518,2.630970992063146
2021-01-13,130.88999938964844,130.53600006103517,48.38918626360531,1.8334201375234045,2.4714608211551976
2021-01-14,128.91000366210938,130.58750038146974,46.775708605406194,1.59751060241706,2.29667077740757
2021-01-15,127.13999938964844,130.55400047302246,42.580639566172074,1.2532790235201219,2.0879924266300804
2021-01-19,127.83000183105469,130.5105007171631,34.46703361964083,1.024342465311122,1.875262434366289
2021-01-20,132.02999877929688,130.77900047302245,45.404533493065145,1.1683452891916204,1.7338790053313553
2021-01-21,136.8699951171875,131.21100044250488,54.553332783387276,1.6539501121868057,1.7178932267024456
2021-01-22,139.07000732421875,131.57050056457518,58.92058985298905,2.1910608462944765,1.812526750620852
2021-01-25,142.9199981689453,132.1685001373291,68.5934482523997,2.8940265219263495,2.0288267048819515
2021-01-26,143.16000366210938,132.7280002593994,67.37204565506323,3.430948483520808,2.309251060609723
2021-01-27,142.05999755859375,132.9965000152588,74.41565630240538,3.7247649353896293,2.5923538355657048
2021-01-28,137.08999633789062,133.10750007629395,59.54812089338735,3.51604821271917,2.777092710996398
2021-01-29,131.9600067138672,133.01950035095214,49.87607223362464,2.9032248478818588,2.8023191383734902
2021-02-01,134.13999938964844,133.09200019836425,57.284029011529825,2.5639099481669803,2.7546373003321882
2021-02-02,134.99000549316406,133.371000289917,58.57578701789367,2.336653348976597,2.6710405100610703
2021-02-03,133.94000244140625,133.51750068664552,54.350931221395214,2.0482138514766746,2.5464751783441915
2021-02-04,137.38999938964844,134.05700073242187,61.610069462579,2.0741004535632612,2.4520002333880053
2021-02-05,136.75999450683594,134.3490005493164,63.59524277773753,2.0204887072407587,2.365697928158556
2021-02-08,136.91000366210938,134.59200057983398,63.03099714226276,1.9674262322550646,2.286043588977858
2021-02-09,136.00999450683594,134.94350051879883,56.30943678468433,1.8316366541988032,2.195162202022047
2021-02-10,135.38999938964844,135.27300033569335,47.2913716980974,1.654917156012118,2.0871131928200612
2021-02-11,135.1300048828125,135.48500061035156,42.237979347130775,1.4768619514058798,1.9650629445372252
2021-02-12,135.3699951171875,135.80800018310546,32.65961972890247,1.3396741949675857,1.8399851946232975
2021-02-16,133.19000244140625,136.11050033569336,28.975105833351577,1.0430214179810662,1.6805924392948512
2021-02-17,130.83999633789062,136.26100006103516,27.524028321691574,0.6112499927911585,1.4667239499941127
2021-02-18,129.7100067138672,136.14500045776367,32.52841699304757,0.1758601028451494,1.20855118056432
2021-02-19,129.8699951171875,135.79500045776368,43.52936730268659,-0.15449882836159645,0.9359411787791367
2021-02-22,126.0,135.14150009155273,27.186076169150354,-0.7202839396141769,0.604696155100474
2021-02-23,125.86000061035156,134.28850021362305,23.35079233585421,-1.1665225514265956,0.2504524137950601
2021-02-24,125.3499984741211,133.39799995422362,24.110856797553083,-1.5435299242390101,-0.10834405381175394
2021-02-25,120.98999786376953,132.34449996948243,3.142791498837923,-2.1691223029179696,-0.520499703632997
2021-02-26,121.26000213623047,131.55300025939943,4.78409095461484,-2.613000637094956,-0.9389998903253889
2021-03-01,127.79000091552734,131.34449996948243,30.612211136012647,-2.4100791941604456,-1.2332157510924002
2021-03-02,125.12000274658203,130.8935001373291,28.469728988583043,-2.4366211746357465,-1.4738968358010696
2021-03-03,122.05999755859375,130.2469997406006,25.964625757506553,-2.673751388868908,-1.7138677464146372
2021-03-04,120.12999725341797,129.55649948120117,24.48975778724504,-2.9830272062579724,-1.9676996383833045
2021-03-05,121.41999816894531,128.75799942016602,27.09358729586033,-3.08843665162037,-2.1918470410307176
2021-03-08,116.36000061035156,127.7379997253418,24.75246232913399,-3.5394730690243534,-2.4613722466294448
2021-03-09,121.08999633789062,126.94699935913086,36.34835270344816,-3.4751917075967214,-2.6641361388229003
2021-03-10,119.9800033569336,126.14549980163574,36.36871822464379,-3.4737719419095896,-2.8260632994402384
2021-03-11,121.95999908447266,125.47399978637695,39.45614662761727,-3.2751240681127456,-2.91587545317474
2021-03-12,121.02999877929688,124.76899948120118,42.8116830178952,-3.1563529768829284,-2.963970957916378
2021-03-15,123.98999786376953,124.19999961853027,47.49932714806069,-2.7912035855411546,-2.9294174834413336
2021-03-16,125.56999969482422,123.81899948120117,50.28601309098065,-2.3472692600976046,-2.812987838772588
2021-03-17,124.76000213623047,123.51499977111817,55.39960688171178,-2.037323149280681,-2.6578549008742067
2021-03-18,120.52999877929688,123.05599937438964,49.06096785191551,-2.108706684672029,-2.548025257633771
2021-03-19,119.98999786376953,122.56199951171875,38.13867774754586,-2.1836801066911278,-2.4751562274452428
2021-03-22,123.38999938964844,122.43149948120117,47.42635567059804,-1.9463095309186969,-2.3693868881399336
2021-03-23,122.54000091552734,122.26549949645997,50.76433688991241,-1.8059614135805049,-2.256701793228048
2021-03-24,120.08999633789062,122.00249938964843,49.93734190572867,-1.8708632661488878,-2.1795340878122165
2021-03-25,120.58999633789062,121.9824993133545,48.666877437032355,-1.8605058769514926,-2.115728445640072
2021-03-26,121.20999908447266,121.9799991607666,59.08579883263666,-1.7817298585999453,-2.0489287282320463
2021-03-29,121.38999938964844,121.65999908447266,50.677513685700646,-1.6853471434261849,-1.976212411270874
2021-03-30,119.9000015258789,121.3989990234375,49.82237607487375,-1.7094876133380126,-1.922867451684302
2021-03-31,122.1500015258789,121.40349922180175,50.41685469540683,-1.5294325671055304,-1.844180474768548
2021-04-01,123.0,121.54699935913087,54.33729775055549,-1.3031282216418845,-1.7359700241432154
2021-04-05,125.9000015258789,121.77099952697753,54.2163419206934,-0.8796346301499227,-1.564702945344557
2021-04-06,126.20999908447266,122.2634994506836,51.49672414285306,-0.5130841805159747,-1.3543791923788406
2021-04-07,127.9000015258789,122.603999710083,57.05300541803306,-0.08523865706648337,-1.1005510853163691
2021-04-08,130.36000061035156,123.12299957275391,73.98730892076676,0.447178573537812,-0.7910051535455329
2021-04-09,133.0,123.67499961853028,78.79592707259272,1.0698167702107355,-0.4188407687942793
2021-04-12,131.24000549316406,124.18549995422363,68.73510082819912,1.4050486528682882,-0.054062884461765826
2021-04-13,134.42999267578125,124.70749969482422,75.52597484493057,1.9061546763230979,0.3379806276952069
2021-04-14,132.02999877929688,125.03049964904785,75.68850107185887,2.0855840456769954,0.6875013112915647
2021-04-15,134.5,125.51749954223632,77.58829194007122,2.3994324062732773,1.0298875302879074
2021-04-16,134.16000366210938,126.19899978637696,75.97276428325071,2.590858822449775,1.342081788720281
2021-04-19,134.83999633789062,126.94149971008301,76.4451768834102,2.7655557571523843,1.6267765824067015
2021-04-20,133.11000061035156,127.42749977111816,75.73046290910723,2.7329049128319127,1.8480022484917438
2021-04-21,133.5,127.97549972534179,73.83456073549924,2.707290613888034,2.019859921571002
2021-04-22,131.94000244140625,128.56800003051757,68.23005214880456,2.531925866578206,2.122273110572443
2021-04-23,134.32000732421875,129.25450057983397,67.54170662833315,2.555535917125866,2.2089256718831276
2021-04-26,134.72000122070312,129.9300006866455,67.66296576520996,2.5768192485608097,2.282504387218664
2021-04-27,134.38999938964844,130.58000068664552,64.27630878932729,2.537803829417925,2.3335642756585164
2021-04-28,133.5800018310547,131.2640007019043,57.63758997492574,2.4137001621170953,2.349591452950232
2021-04-29,133.47999572753906,131.83050041198732,51.29448945915139,2.2809836947249664,2.335869901305179
2021-04-30,131.4600067138672,132.25350074768068,50.585110959244325,1.9898707155382453,2.2666700641517927
2021-05-03,132.5399932861328,132.58550033569335,44.337914029437016,1.8252669317346317,2.178389437668361
2021-05-04,127.8499984741211,132.6675003051758,38.98838343702178,1.3013724502267792,2.0029860401800446
2021-05-05,128.10000610351562,132.67750053405763,30.906898425956015,0.8960269841512059,1.781594228974277
2021-05-06,129.74000549316406,132.64650077819823,37.76299491879707,0.699063655953978,1.565088114370217
2021-05-07,130.2100067138672,132.5070011138916,37.030823650898945,0.5742740955597583,1.3669253106081254
2021-05-10,126.8499984741211,132.28750076293946,33.932222892819084,0.20192521748700187,1.133925291983901
2021-05-11,125.91000366210938,131.86150131225585,31.05341342363171,-0.16708759469617007,0.8737227146478868
2021-05-12,122.7699966430664,131.39850120544435,28.782950539547713,-0.7047809551086743,0.5580219806965746
2021-05-13,124.97000122070312,130.9220012664795,28.18476598435244,-0.942520049465287,0.2579135746642023
2021-05-14,127.44999694824219,130.58650093078614,34.53848155866848,-0.9202074864428198,0.02228936244279786
2021-05-17,126.2699966430664,130.15800094604492,33.3333228935458,-0.9863705171207897,-0.1794426134699197
2021-05-18,124.8499984741211,129.7450008392334,32.51901161886505,-1.1402431669738604,-0.37160272417070783
2021-05-19,124.69000244140625,129.30450096130372,32.44107256616667,-1.260567654032883,-0.5493957101431428
2021-05-20,127.30999755859375,129.0730007171631,41.90399759002718,-1.131471072961233,-0.6658107827067609
2021-05-21,125.43000030517578,128.62850036621094,36.54938914328223,-1.1674040615912986,-0.7661294384836685
2021-05-24,127.0999984741211,128.24750022888185,48.398120711928975,-1.0490337108688976,-0.8227102929607144
2021-05-25,126.9000015258789,127.87300033569336,47.431496279525945,-0.9602927799818417,-0.8502267903649399
2021-05-26,126.8499984741211,127.53650016784668,43.362408211570816,-0.8838117495982232,-0.8569437822115966
2021-05-27,125.27999877929688,127.12650032043457,39.22166815229169,-0.9390609265247036,-0.873367211074218
2021-05-28,124.61000061035156,126.78400001525878,44.44995162627584,-1.0250929170635743,-0.9037123522720892
2021-06-01,124.27999877929688,126.37100028991699,45.83544827876579,-1.1071398600820004,-0.9443978538340715
2021-06-02,125.05999755859375,126.23150024414062,56.65311757036582,-1.0965825497384856,-0.9748347930149543
2021-06-03,123.54000091552734,126.00349998474121,45.674523923702246,-1.197067778976205,-1.0192813902072044
2021-06-04,125.88999938964844,125.81099967956543,45.243903687142314,-1.074689458888102,-1.030363003943384
2021-06-07,125.9000015258789,125.59549942016602,48.78530665897214,-0.9657639441467012,-1.0174431919840474
2021-06-08,126.73999786376953,125.58999938964844,56.45051926828532,-0.8024093293563652,-0.9744364194585111
2021-06-09,127.12999725341797,125.65099906921387,58.19891721943098,-0.6341696162654102,-0.906383058819891
2021-06-10,126.11000061035156,125.81799926757813,45.48193359431104,-0.5764981246437202,-0.8404060719846569
2021-06-11,127.3499984741211,125.93699913024902,57.59493900098265,-0.42582691985714405,-0.7574902415591543
2021-06-14,130.47999572753906,126.08849906921387,61.98582013112834,-0.053240560622271005,-0.6166403053717777
2021-06-15,129.63999938964844,126.25699920654297,59.294440628592454,0.1722703042527769,-0.45885818344686685
2021-06-16,130.14999389648438,126.52199897766113,60.85526662520686,0.3876727339252426,-0.289551999972445
2021-06-17,131.7899932861328,126.87699851989746,71.31632513367703,0.6828435605189185,-0.09507288787417231
2021-06-18,130.4600067138672,127.03449897766113,68.36164469638481,0.8002252672076366,0.08398674314218949
2021-06-21,132.3000030517578,127.37799911499023,72.99318864862263,1.0298519502033798,0.2731597845544276
2021-06-22,133.97999572753906,127.72199897766113,74.31849022444791,1.3320392007586292,0.4849356677952679
2021-06-23,133.6999969482422,128.0619987487793,79.7076729166899,1.531279574773862,0.6942044491909867
2021-06-24,133.41000366210938,128.3899990081787,75.00010145506859,1.6467957358660783,0.884722706526005
2021-06-25,133.11000061035156,128.78149909973143,73.51605786415054,1.6946010803324043,1.046698381287285
2021-06-28,134.77999877929688,129.2899990081787,74.87631703064562,1.8459629439716707,1.206551293824162
2021-06-29,136.3300018310547,129.8924991607666,76.55897533258654,2.067161651020456,1.3786733652634209
2021-06-30,136.9600067138672,130.48749961853028,82.043799041389,2.2671648833654388,1.5563716688838245
2021-07-01,137.27000427246094,131.17399978637695,81.00009202979095,2.4227550856504365,1.729648352237147
2021-07-02,139.9600067138672,131.87750015258788,80.46282476479251,2.731633586063964,1.9300453990025106
2021-07-06,142.02000427246094,132.683500289917,86.88923807757081,3.1068329732721907,2.165402913856447
2021-07-07,144.57000732421875,133.57500076293945,88.31039106978675,3.5688061500197534,2.4460835610891083
2021-07-08,143.24000549316406,134.38050117492676,80.92929509426497,3.7839837788971806,2.7136636046507228
2021-07-09,145.11000061035156,135.33050117492675,88.45145218909697,4.058621317663409,2.98265514725326
2021-07-12,144.5,136.1880012512207,84.23120757699398,4.178880066381993,3.221900131079007
2021-07-13,145.63999938964844,136.94600143432618,83.7384389056763,4.3164174411462,3.440803593092446
2021-07-14,149.14999389648438,137.92150115966797,87.66455652411983,4.654984263046401,3.6836397270832375
2021-07-15,148.47999572753906,138.8380012512207,86.06987196202905,4.813747768003424,3.909661335267275
2021-07-16,146.38999938964844,139.5680015563965,79.27690270702308,4.716554250425702,4.071039918298961
2021-07-19,142.4499969482422,140.16750106811523,65.3707396935888,4.272353388046952,4.11130261224856
2021-07-20,146.14999389648438,140.86000061035156,68.11807266226545,4.170801433187762,4.1232023764364
2021-07-21,145.39999389648438,141.43100051879884,65.50329084376887,3.9838783752987865,4.095337576208878
2021-07-22,146.8000030517578,142.08600082397462,66.83150759651684,3.903710004720409,4.057012061911184
2021-07-23,148.55999755859375,142.84350051879883,65.7048833159178,3.936811726268786,4.032971994782705
2021-07-26,148.99000549316406,143.63750076293945,63.533982952821596,3.9521847994559494,4.016814555717354
2021-07-27,146.77000427246094,144.23700103759765,54.32729564656272,3.74209597252991,3.9618708390798654
2021-07-28,144.97999572753906,144.66950073242188,53.361649741284566,3.392058791468372,3.847908429557567
2021-07-29,145.63999938964844,145.10350036621094,51.074176106246135,3.1318070609306687,3.7046881558321876
2021-07-30,145.86000061035156,145.53300018310546,52.80065861621465,2.909765978418136,3.545703720349377
2021-08-02,145.52000427246094,145.81100006103514,49.744473890456504,2.675520226094619,3.3716670214984257
2021-08-03,147.36000061035156,146.0779998779297,45.896395611683985,2.6082844274267813,3.218990502684097
2021-08-04,146.9499969482422,146.19699935913087,46.450121857789625,2.493175923488252,3.073827586844928
2021-08-05,147.05999755859375,146.38799896240235,51.71179712773315,2.383353914407877,2.935732852357518
2021-08-06,146.13999938964844,146.4394989013672,61.14803129569564,2.1967601341081604,2.7879383087076466
2021-08-09,146.08999633789062,146.5189987182617,49.76745176339222,2.0215452749398537,2.634659701954088
2021-08-10,145.60000610351562,146.5169990539551,50.79118661091099,1.8221435828215249,2.4721564781275753
2021-08-11,145.86000061035156,146.35249938964844,45.913032863451086,1.665892319367316,2.3109036463755235
2021-08-12,148.88999938964844,146.3729995727539,51.2920975749646,1.7661980147887846,2.201962520058176
2021-08-13,149.10000610351562,146.50849990844728,50.438249337063525,1.8414101577233453,2.1298520475912097
2021-08-16,151.1199951171875,146.94199981689454,67.61131202208139,2.040491043931098,2.1119798468591875
2021-08-17,150.19000244140625,147.1440002441406,72.67196719286807,2.099025188117821,2.109388915110914
2021-08-18,146.36000061035156,147.19200057983397,52.45567032628472,1.8154375460361791,2.0505986412959674
2021-08-19,146.6999969482422,147.1870002746582,52.84167165658359,1.599686963997243,1.9604163058362227
2021-08-20,148.19000244140625,147.16850051879882,58.38042044584846,1.531282393888688,1.8745895234467158
2021-08-23,149.7100067138672,147.204500579834,57.52725275069012,1.5814924601949656,1.8159701107963657
2021-08-24,149.6199951171875,147.3470001220703,58.73119470682454,1.5956277128628074,1.771901631209654
2021-08-25,148.36000061035156,147.51600036621093,53.953783653591806,1.4880061671100862,1.7151225383897406
2021-08-26,147.5399932861328,147.61100006103516,54.2839480117812,1.321316267313648,1.636361284174522
2021-08-27,148.60000610351562,147.74800033569335,57.23345499318412,1.2602204592607507,1.561133119191768
2021-08-30,153.1199951171875,148.12799987792968,67.58649975734392,1.558560810631775,1.5606186574797694
2021-08-31,151.8300018310547,148.35149993896485,63.319946999377656,1.6716364270784254,1.5828222113995007
2021-09-01,152.50999450683594,148.62949981689454,59.02292013399743,1.7954228764698712,1.6253423444135748
2021-09-02,153.64999389648438,148.95899963378906,60.83847048560628,1.9628860245807687,1.6928510804470138
2021-09-03,154.3000030517578,149.36699981689452,58.103991470014776,2.1235728564321334,1.7789954356440378
2021-09-07,156.69000244140625,149.89700012207032,65.4174448063699,2.4159220594052044,1.9063807603962712
2021-09-08,155.11000061035156,150.37249984741212,73.23417965647903,2.4913986728252553,2.023384342882068
2021-09-09,154.07000732421875,150.78300018310546,68.86842057973982,2.439178336607341,2.1065431416271228
2021-09-10,148.97000122070312,150.7870002746582,51.68538955386864,1.9636299699270126,2.077960507287101
2021-09-13,149.5500030517578,150.80950012207032,49.63963158979998,1.6149397435814876,1.9853563545459783
2021-09-14,148.1199951171875,150.6595001220703,46.813934886349934,1.209270816552106,1.830139246947204
2021-09-15,149.02999877929688,150.60149993896485,51.444583134017336,0.9502510568363789,1.654161608925039
2021-09-16,148.7899932861328,150.7229995727539,52.764261660041704,0.7173405384381795,1.4667973948276671
2021-09-17,146.05999755859375,150.69099960327148,44.76933963627771,0.30890852965086424,1.2352196217923066
2021-09-20,142.94000244140625,150.4284996032715,27.753517256833106,-0.2634968829313493,0.9354763208475755
2021-09-21,143.42999267578125,150.1144989013672,30.97824171495506,-0.6698723084751919,0.6144065949830221
2021-09-22,145.85000610351562,149.9259994506836,36.020188729646165,-0.7875742367204737,0.334010428642323
2021-09-23,146.8300018310547,149.84949951171876,35.58751772720325,-0.7926393448386477,0.10868047394612887
2021-09-24,146.9199981689453,149.81849975585936,34.02596767779788,-0.7803956123378271,-0.06913474331066231
2021-09-27,145.3699951171875,149.65699920654296,24.573220220011635,-0.8855565142242767,-0.2324190974933852
2021-09-28,141.91000366210938,149.09649963378905,22.659491959427044,-1.2338664364580723,-0.4327085652863226
2021-09-29,142.8300018310547,148.64649963378906,26.602823701303848,-1.4193075023782455,-0.6300283527047073
2021-09-30,141.5,148.09599990844725,31.555552541473773,-1.654518654480995,-0.8349264130599648
2021-10-01,142.64999389648438,147.54599990844727,33.42936651082957,-1.7282085778678322,-1.0135828460215384
2021-10-04,139.13999938964844,146.7879997253418,30.39300413853394,-2.046247725478395,-1.2201158219129098
2021-10-05,141.11000061035156,146.00899963378907,33.47244149146532,-2.11495353890092,-1.399083365310512
2021-10-06,142.0,145.35349960327147,36.2047916748045,-2.0736837429619754,-1.5340034408408048
2021-10-07,143.2899932861328,144.8144989013672,44.02242524862246,-1.914812686361472,-1.6101652899449383
2021-10-08,142.89999389648438,144.51099853515626,49.90213160499689,-1.7996308960468639,-1.6480584111653236
2021-10-11,142.80999755859375,144.17399826049805,48.453104298962955,-1.696059333483447,-1.6576585956289485
2021-10-12,141.50999450683594,143.84349822998047,38.530605134607434,-1.6992891580142953,-1.665984708106018
2021-10-13,140.91000366210938,143.4374984741211,34.03449283353977,-1.7303170462373032,-1.678851175732275
2021-10-14,143.75999450683594,143.18599853515624,42.582136148788535,-1.5075582354795927,-1.6445925876817387
2021-10-15,144.83999633789062,143.1249984741211,48.727796693604624,-1.2296979586424754,-1.5616136618738863
2021-10-18,146.5500030517578,143.30549850463868,62.159345822420384,-0.8615767166109833,-1.4216062728213057
2021-10-19,148.75999450683594,143.5719985961914,64.55572651288497,-0.3870484853651419,-1.2146947153300731
2021-10-20,149.25999450683594,143.74249801635742,69.85672797525478,0.0290297412276459,-0.9659498240185294
2021-10-21,149.47999572753906,143.87499771118163,68.35038368413846,0.3722360874606636,-0.6983126417226908
2021-10-22,148.69000244140625,143.9634979248047,80.05041460006818,0.5738685343339398,-0.4438764065113647
2021-10-25,148.63999938964844,144.12699813842772,76.9506605966341,0.7213140138313747,-0.2108383224428168
2021-10-26,149.32000732421875,144.49749832153321,76.5989039382373,0.882859520881027,0.007901246221951957
2021-10-27,148.85000610351562,144.79849853515626,71.48384205840561,0.961872461551792,0.19869548928791997
2021-10-28,152.57000732421875,145.35199890136718,79.71733238297992,1.3095679117453756,0.42086997377941116
2021-10-29,149.8000030517578,145.70949935913086,68.44328923180238,1.3460860243589252,0.605913183895314
2021-11-01,148.9600067138672,146.20049972534179,70.14606852842147,1.2923488147017963,0.7432003100566105
2021-11-02,150.02000427246094,146.64599990844727,74.03694479538322,1.320077600246293,0.8585757680945469
2021-11-03,151.49000549316406,147.12050018310546,71.99774548663098,1.4440238674925183,0.9756653879741413
2021-11-04,150.9600067138672,147.50400085449218,67.97887438218505,1.4823975489809413,1.0770118201755012
2021-11-05,151.27999877929688,147.92300109863282,65.13115440674707,1.5210954123581928,1.1658285386120397
2021-11-08,150.44000244140625,148.30450134277345,55.890633175787514,1.4670715756583945,1.2260771460213107
2021-11-09,150.80999755859375,148.76950149536134,55.4847989736756,1.4375417234822976,1.268370061513508
2021-11-10,147.9199981689453,149.12000122070313,45.35714674969392,1.1674822956973117,1.248192508350269
2021-11-11,147.8699951171875,149.32550125122071,47.447050283703305,0.9386037849483841,1.186274763669892
2021-11-12,149.99000549316406,149.58300170898437,53.72312669588812,0.9177043118190511,1.132560673299724
2021-11-15,150.0,149.7555015563965,51.94728811159721,0.8916691945357229,1.0843823775469237
2021-11-16,151.0,149.86750183105468,55.97552824785918,0.9408819180939645,1.055682285656332
2021-11-17,153.49000549316406,150.0790023803711,52.74462550858854,1.167349511013441,1.0780157307277538
2021-11-18,157.8699951171875,150.4985023498535,71.96516307485288,1.6808791391657394,1.198588412415351
2021-11-19,160.5500030517578,151.09150238037108,78.67392686348323,2.277851655841488,1.4144410611005784
2021-11-22,161.02000427246094,151.71050262451172,78.03262675219472,2.75709971750004,1.6829727923804707
2021-11-23,161.41000366210938,152.31500244140625,76.75297130869265,3.1322700907087437,1.9728322520461254
2021-11-24,161.94000244140625,152.9695022583008,79.61164968638815,3.4327907120473924,2.264823944046379
2021-11-26,156.80999755859375,153.18150177001954,61.84153604667424,3.2198900604838627,2.455837167333876
2021-11-29,160.24000549316406,153.70350189208983,68.88973855959247,3.290012518449828,2.6226722375570666
2021-11-30,165.3000030517578,154.52050170898437,73.65327451006766,3.7111052748813904,2.8403588450219313
2021-12-01,164.77000427246094,155.25800170898438,79.80190035753148,3.9564503492370307,3.0635771458649512
2021-12-02,163.75999450683594,155.87150115966796,77.18095299743842,4.023013940728077,3.2554645048375765
2021-12-03,161.83999633789062,156.41550064086914,70.40989513332643,3.8761563429122816,3.379602872452518
2021-12-06,165.32000732421875,157.11750106811525,73.56921990570547,3.9945319635567103,3.502588690673357
2021-12-07,171.17999267578125,158.15450057983398,77.00747337268923,4.509217882835202,3.703914529105726
2021-12-08,175.0800018310547,159.36800079345704,77.84367482777294,5.1721865797522355,3.997568939235028
2021-12-09,174.55999755859375,160.70000076293945,73.90430550067661,5.591182379479534,4.316291627283929
2021-12-10,179.4499969482422,162.27900085449218,75.45794833555172,6.245823685226668,4.702198038872478
2021-12-13,175.74000549316406,163.56650085449218,68.2358714481553,6.391588082939961,5.040076047685975
2021-12-14,174.3300018310547,164.78300094604492,65.61139666526665,6.320473423396749,5.29615552282813
2021-12-15,179.3000030517578,166.1980010986328,68.9436840399872,6.589195956478562,5.554763609558217
2021-12-16,172.25999450683594,167.1365005493164,66.18477734424326,6.163046878170235,5.676420263280621
2021-12-17,171.13999938964844,167.80000076293945,61.99910906436304,5.669590902874745,5.6750543911994455
2021-12-20,169.75,168.26000061035157,55.3293357148,5.107486231285236,5.561540759216603
2021-12-21,172.99000549316406,168.8585006713867,59.24426131160999,4.867347838682207,5.422702175109724
2021-12-22,175.63999938964844,169.57000045776368,62.88503612790902,4.835132396462825,5.305188219380345
2021-12-23,176.27999877929688,170.2870002746582,66.10888005545183,4.805845236103778,5.205319622725032
2021-12-27,180.3300018310547,171.46300048828124,66.53447313138662,5.051209154639594,5.174497529107945
2021-12-28,179.2899932861328,172.41549987792968,59.99506543748921,5.102918561252068,5.16018173553677
2021-12-29,179.3800048828125,173.11949996948243,55.84874880920508,5.0924591233046215,5.14663721309034
2021-12-30,178.1999969482422,173.79099960327147,54.86370470228869,4.932098997672938,5.10372957000686
2021-12-31,177.57000732421875,174.48150024414062,47.165276611409574,4.699998883678461,5.02298343274118
2022-01-03,182.00999450683594,175.4900001525879,59.250496169320705,4.818779835900926,4.98214271337313
2022-01-04,179.6999969482422,176.20899963378906,57.71772606818077,4.672653656063147,4.920244901911134
2022-01-05,174.9199981689453,176.39599990844727,43.67051429166156,4.123607274581815,4.760917376445271
2022-01-06,172.0,176.24199981689452,49.57349976496055,3.4135157283249384,4.491437046821204
2022-01-07,172.1699981689453,176.12249984741212,51.74398716876851,2.831836841135555,4.159517005684075
2022-01-10,172.19000244140625,175.7595001220703,54.33239013510746,2.345429656768829,3.7966995359010256
2022-01-11,175.0800018310547,175.72649993896485,53.757634882000886,2.1681541256640458,3.47099045385363
2022-01-12,175.52999877929688,175.78649978637696,49.78523895406098,2.0404519233686926,3.184882747756643
2022-01-13,172.19000244140625,175.43099975585938,42.77640994241437,1.6507088726973222,2.878047972744779
2022-01-14,173.07000732421875,175.47150039672852,35.56086976313672,1.3967429533051359,2.5817869688568504
2022-01-18,169.8000030517578,175.40450057983398,32.66351492986642,0.9209944653422326,2.249628468153927
2022-01-19,166.22999572753906,175.22850036621094,28.68717494689099,0.25297447352087943,1.8502976692273176
2022-01-20,164.50999450683594,174.80449981689452,28.19367734571796,-0.41049398751800936,1.3981393378782523
2022-01-21,162.41000366210938,174.14300003051758,26.932424801904986,-1.093148102868298,0.8998818497289421
2022-01-24,161.6199951171875,173.4099998474121,15.097578392598464,-1.6785541671636963,0.3841946463504145
2022-01-25,159.77999877929688,172.38249969482422,15.34447745028551,-2.2648571542677303,-0.14561571377321447
2022-01-26,159.69000244140625,171.4025001525879,18.336811237065717,-2.705580203548294,-0.6576086117282304
2022-01-27,159.22000122070312,170.3944999694824,20.416677851732643,-3.0575361919176487,-1.1375941277661141
2022-01-28,170.3300018310547,170.00100021362306,47.172716879667554,-2.412173613410687,-1.3925100248950288
2022-01-31,174.77999877929688,169.86149978637695,53.5028350721831,-1.5240729920607237,-1.4188226183281678
2022-02-01,174.61000061035156,169.49150009155272,49.31386683109033,-0.8244604162515543,-1.2999501779128453
2022-02-02,175.83999633789062,169.29850006103516,50.44247440678897,-0.1688160276942483,-1.073723347869126
2022-02-03,172.89999389648438,169.1974998474121,51.02511024396434,0.11225919340165547,-0.8365268396149698
2022-02-04,172.38999938964844,169.21699981689454,49.00757728604623,0.29051219293543795,-0.6111190331048882
2022-02-07,171.66000366210938,169.19150009155274,52.93190642105714,0.36862514373021327,-0.41517019773786795
2022-02-08,174.8300018310547,169.32350006103516,63.729266398582084,0.6785012395254171,-0.19643591028521099
2022-02-09,176.27999877929688,169.38349990844728,68.95332477267824,1.029218720825554,0.04869501593694203
2022-02-10,172.1199951171875,169.2129997253418,64.66323731644282,0.9604162420083924,0.2310392611512321
2022-02-11,168.63999938964844,169.0354995727539,59.80448276288293,0.6179597547894673,0.30842335987887914
2022-02-14,168.8800048828125,168.82599945068358,63.30410961348842,0.36175685109779465,0.3190900581226623
2022-02-15,172.7899932861328,168.97549896240236,67.22777470755639,0.4688134020190944,0.3490347269019487
2022-02-16,172.5500030517578,169.29149932861327,67.63696078862861,0.5282024941352574,0.3848682803486105
2022-02-17,168.8800048828125,169.5099998474121,47.61120454094111,0.27594962127184886,0.3630845485332582
2022-02-18,167.3000030517578,169.75449981689454,36.39009243572894,-0.050869153064496686,0.28029380821370725
2022-02-22,164.32000732421875,169.8895004272461,33.014186308582566,-0.5440644997919435,0.11542214661257712
2022-02-23,160.07000732421875,169.90400085449218,26.32842296983695,-1.2633022842673824,-0.1603227395634148
2022-02-24,162.74000549316406,170.05650100708007,34.624697560207395,-1.5994197568121251,-0.4481421430131569
2022-02-25,164.85000610351562,170.3380012512207,39.116628086504726,-1.6762135141702856,-0.6937564172445827
2022-02-28,165.1199951171875,170.07750091552734,40.43297866356431,-1.6957398299366844,-0.8941530997830031
2022-03-01,163.1999969482422,169.4985008239746,32.34130238756535,-1.8448758021488914,-1.0842976402561808
2022-03-02,166.55999755859375,169.09600067138672,36.05050121054346,-1.6726617624335631,-1.2019704646916574
2022-03-03,166.22999572753906,168.61550064086913,40.503053483569346,-1.544999492627511,-1.2705762702788281
2022-03-04,163.1699981689453,168.12900085449218,41.05915767798782,-1.6714747332926265,-1.3507559628815877
2022-03-07,159.3000030517578,167.47450103759766,36.00231691324373,-2.0602344356601066,-1.4926516574372914
2022-03-08,157.44000244140625,166.7635009765625,26.142358905862622,-2.4897159100140698,-1.692064507952647
2022-03-09,162.9499969482422,166.16950073242188,37.17946941433757,-2.3582876923955496,-1.8253091448412277
2022-03-10,158.52000427246094,165.28150100708007,36.43977786059607,-2.5818315223305888,-1.9766136203391
2022-03-11,154.72999572753906,164.41200103759766,34.44689968085284,-3.029886982161429,-2.187268292703566
2022-03-14,150.6199951171875,163.5110008239746,33.509846589214376,-3.674262254567907,-2.484667085076434
2022-03-15,155.08999633789062,162.8215003967285,44.03734020466373,-3.7806614474847606,-2.7438659575580995
2022-03-16,159.58999633789062,162.1615005493164,46.38677389013177,-3.4619638186021575,-2.8874855297669115
2022-03-17,160.6199951171875,161.56500015258788,45.02468471973852,-3.0906542202048684,-2.928119267854503
2022-03-18,163.97999572753906,161.31999969482422,48.75000041827829,-2.4964867742507124,-2.841792769133745
2022-03-21,165.3800048828125,161.22399978637696,52.417932393548114,-1.8908393352705275,-2.6516020823611015
2022-03-22,168.82000732421875,161.44899978637696,52.50222495832216,-1.1203650577206474,-2.3453546774330105
2022-03-23,170.2100067138672,161.95599975585938,54.305507227621376,-0.39306628430961155,-1.9548969988083307
2022-03-24,174.07000732421875,162.52249984741212,61.59082110255937,0.4891543564741596,-1.4660867277518328
2022-03-25,174.72000122070312,163.0159996032715,67.60273640931456,1.2266298205516648,-0.9275434180911333
2022-03-28,175.60000610351562,163.54000015258788,71.20504502090333,1.8606451198618004,-0.3699057105005466
2022-03-29,178.9600067138672,164.32800064086913,69.68281839158085,2.60421105695778,0.22491764299111877
2022-03-30,177.77000427246094,164.8885009765625,75.71465144512017,3.0621703735223775,0.7923681890973706
2022-03-31,174.61000061035156,165.30750122070313,77.0108627596999,3.1339938151808724,1.260693314314071
2022-04-01,174.30999755859375,165.86450119018554,85.90480075706488,3.130618845796647,1.6346784206105864
2022-04-04,178.44000244140625,166.82150115966797,85.7580224250287,3.4217571499416692,1.9920941664768033
2022-04-05,175.05999755859375,167.70250091552734,74.53217070470085,3.341232558264636,2.2619218448343696
2022-04-06,171.8300018310547,168.14650115966796,66.61725169201426,2.982403289559983,2.4060181337794924
2022-04-07,172.13999938964844,168.82750091552734,63.29856175577402,2.692010895225536,2.4632166860687015
2022-04-08,170.08999633789062,169.59550094604492,57.516739364634695,2.270284292740911,2.4246302074031436
2022-04-11,165.75,170.35200119018555,45.23734676118938,1.5677889926977002,2.253261964462055
2022-04-12,167.66000366210938,170.9805015563965,46.10686738371293,1.1518993603797014,2.0329894436455844
2022-04-13,170.39999389648438,171.52100143432617,44.19852535380316,1.0315075661732465,1.8326930681511169
2022-04-14,165.2899932861328,171.75450134277344,36.93543238506762,0.5177930625797558,1.5697130670368447
2022-04-18,165.07000732421875,171.80900192260742,35.13971075910662,0.09186067604952086,1.27414258883938
2022-04-19,167.39999389648438,171.910001373291,33.19764535447209,-0.05702600479543207,1.0079088701124177
2022-04-20,167.22999572753906,171.83050079345702,34.212078131642585,-0.18658635221325426,0.7690098256472834
2022-04-21,166.4199981689453,171.64100036621093,36.80307634811515,-0.35058259657699864,0.545091341202427
2022-04-22,161.7899932861328,171.02699966430663,32.29635907551338,-0.8444195582079601,0.26718916132034953
2022-04-25,162.8800048828125,170.43499984741212,25.928204324396788,-1.1347533516799047,-0.013199341279701293
2022-04-26,156.8000030517578,169.49499969482423,23.92917162839113,-1.8343055769437058,-0.3774205884125022
2022-04-27,156.57000732421875,168.3754997253418,26.17113208203537,-2.3798312749803756,-0.7779027257260769
2022-04-28,163.63999938964844,167.66899948120118,39.040733681581315,-2.2161288932940977,-1.065547959239681
2022-04-29,157.64999389648438,166.8209991455078,35.440062063881214,-2.540452207458486,-1.360528808883442
2022-05-02,157.9600067138672,166.00349960327148,39.93280451429984,-2.7408702806170595,-1.6365971032301654
2022-05-03,159.47999572753906,165.0554992675781,39.32113080855304,-2.7454053137034578,-1.858358745324824
2022-05-04,166.02000427246094,164.60349960327147,44.79811095425443,-2.195961648706657,-1.9258793260011906
2022-05-05,156.77000427246094,163.8504997253418,40.787207165824526,-2.478352376715378,-2.0363739361440283
2022-05-06,157.27999877929688,163.1074996948242,41.62904712089959,-2.6306720191772683,-2.1552335527506763
2022-05-09,152.05999755859375,162.20599975585938,34.479975546423205,-3.136441955872442,-2.3514752333750293
2022-05-10,154.50999450683594,161.64399948120118,37.69826091165488,-3.3015161730145905,-2.541483421302942
2022-05-11,146.5,160.58599929809571,33.08998720489856,-4.032197629463127,-2.839626262934979
2022-05-12,142.55999755859375,159.19399948120116,33.48222512491313,-4.873020074947078,-3.2463050253373993
2022-05-13,147.11000061035156,158.2849998474121,37.214200793991495,-5.1132879004715335,-3.619701600364226
2022-05-16,145.5399932861328,157.30849914550782,40.15044695221992,-5.36850358564385,-3.969461997420151
2022-05-17,149.24000549316406,156.4004997253418,43.95513821871125,-5.2121216975610025,-4.2179939374483215
2022-05-18,140.82000732421875,155.0800003051758,31.590849949642077,-5.701883642624949,-4.514771878483647
2022-05-19,137.35000610351562,153.6265007019043,32.92971721209247,-6.297430749467594,-4.871303652680437
2022-05-20,137.58999633789062,152.4165008544922,32.85063934558062,-6.67311737289026,-5.231666396722401
2022-05-23,143.11000061035156,151.42800064086913,37.08787558421001,-6.451069601724356,-5.475547037722793
2022-05-24,140.36000061035156,150.60600051879882,28.47315349469757,-6.422957306916601,-5.665029091561555
2022-05-25,140.52000427246094,149.80350036621093,33.91407953056954,-6.3149720851534425,-5.795017690279932
2022-05-26,143.77999877929688,148.81050033569335,37.326326018894996,-5.8983462432250064,-5.815683400868947
2022-05-27,149.63999938964844,148.41000061035157,47.75510412069332,-5.037247928145064,-5.659996306324171
2022-05-31,148.83999633789062,147.95400009155273,44.57416601616058,-4.369011623557185,-5.401799369770774
2022-06-01,148.7100067138672,147.41550064086914,52.49042843932235,-3.806044897678987,-5.082648475352416
2022-06-02,151.2100067138672,146.67500076293945,60.07454874974276,-3.1221701705929092,-4.690552814400514
2022-06-03,145.3800048828125,146.10550079345703,48.04343421757905,-3.0158619672837403,-4.35561464497716
2022-06-06,146.13999938964844,145.54850082397462,50.691251368544805,-2.8375769246326,-4.052007100908248
2022-06-07,148.7100067138672,145.3810012817383,49.37307911397203,-2.460543022906876,-3.7337142853079737
2022-06-08,147.9600067138672,145.05350189208986,60.317920923289286,-2.1969347748550376,-3.4263583832173867
2022-06-09,142.63999938964844,144.86050186157226,57.25650717288733,-2.389755851107026,-3.2190378767953147
2022-06-10,137.1300048828125,144.5890022277832,49.448715913687636,-2.9531365313243043,-3.165857607701113
2022-06-13,131.8800048828125,143.82750244140624,36.45356266061763,-3.7796810923911437,-3.2886223046391194
2022-06-14,132.75999450683594,143.1885025024414,40.399180543379615,-4.3139868486622674,-3.493695213443749
2022-06-15,135.42999267578125,142.49800186157228,43.953416625308286,-4.470448919458363,-3.689045954646672
2022-06-16,130.05999755859375,141.96000137329102,34.479630198606,-4.970463554992108,-3.9453294747157597
2022-06-17,131.55999755859375,141.6705009460449,27.309223873428593,-5.185911334341995,-4.193445846641007
2022-06-21,135.8699951171875,141.58450088500976,35.04035925580715,-4.951793278339778,-4.345115332980761
2022-06-22,135.35000610351562,141.19650115966797,34.727928379235905,-4.753417363436256,-4.426775739071861
2022-06-23,138.27000427246094,141.09200134277344,35.348720209753196,-4.310890312773296,-4.403598653812148
2022-06-24,141.66000366210938,141.14900131225585,45.54170202182755,-3.644626828176257,-4.25180428868497
2022-06-27,141.66000366210938,141.0430015563965,44.53125203726932,-3.0810913137122213,-4.017661693690421
2022-06-28,137.44000244140625,140.43300170898436,36.77539053897117,-2.941101007294037,-3.8023495564111447
2022-06-29,139.22999572753906,139.9525016784668,39.999979025701904,-2.6551136844852294,-3.572902382025962
2022-06-30,136.72000122070312,139.3530014038086,42.752197189823825,-2.6010193189041786,-3.3785257694016053
2022-07-01,138.92999267578125,138.7390007019043,52.39742982125974,-2.3527008329993464,-3.173360782121154
2022-07-05,141.55999755859375,138.54800033569336,63.860260413525985,-1.9215369478865796,-2.922996015274239
2022-07-06,142.9199981689453,138.3870002746582,64.35030250365091,-1.4533425510563802,-2.6290653224306673
2022-07-07,146.35000610351562,138.2690002441406,65.09958730346278,-0.7963424043313125,-2.2625207388107964
2022-07-08,147.0399932861328,138.2229995727539,76.96952746657774,-0.21748185994380265,-1.8535129630373977
2022-07-11,144.8699951171875,138.33449935913086,70.6998642606954,0.06541451730933545,-1.4697274669680511
2022-07-12,145.86000061035156,138.7709991455078,67.32572915966489,0.36528631071095674,-1.1027247114322496
2022-07-13,145.49000549316406,139.45149917602538,67.67783712347125,0.5665505120253727,-0.7688696667407252
2022-07-14,148.47000122070312,140.23699951171875,67.74531285588608,0.9555001806420478,-0.42399569726417063
2022-07-15,150.1699981689453,140.97399978637696,65.73013520823898,1.3849562282141221,-0.06220531216851205
2022-07-18,147.07000732421875,141.8245002746582,58.97182459912101,1.4583489476360967,0.2419055397924097
2022-07-19,151.0,142.7965003967285,72.70599140886974,1.8127346939961626,0.5560713706331604
2022-07-20,153.0399932861328,143.65500030517578,72.93261088357187,2.232463906203435,0.8913498777472153
2022-07-21,155.35000610351562,144.65500030517578,81.14346641634953,2.720144922211716,1.2571088866401157
2022-07-22,154.08999633789062,145.44599990844728,76.17404719477408,2.9707187862456976,1.599830866561232
2022-07-25,152.9499969482422,146.0104995727539,70.73171680072967,3.0422428732947253,1.8883132679079306
2022-07-26,151.60000610351562,146.50749969482422,65.80483513992144,2.9559192516222197,2.1018344646507883
2022-07-27,156.7899932861328,147.47499923706056,67.86448169386394,3.26861716657055,2.3351910050347406
2022-07-28,157.35000610351562,148.38099975585936,67.72089983377404,3.521032599138124,2.5723593238554177
2022-07-29,162.50999450683594,149.670499420166,77.4937892201886,4.09029125683756,2.875945710451846
2022-08-01,161.50999450683594,150.79949951171875,74.38455993396252,4.40990654413099,3.182737877187675
2022-08-02,160.00999450683594,151.72199935913085,71.85430737346493,4.49040391686367,3.444271085122874
2022-08-03,166.1300048828125,152.88249969482422,74.28494331248469,4.990504920742211,3.7535178522467416
2022-08-04,165.80999755859375,153.85549926757812,72.3556336476842,5.299922445829168,4.0627987709632265
2022-08-05,165.35000610351562,154.77099990844727,78.26221528955372,5.44525113207817,4.339289243186215
2022-08-08,164.8699951171875,155.77099990844727,74.00482534531642,5.458767019750468,4.563184798499066
2022-08-09,164.9199981689453,156.72399978637696,72.08177342136909,5.4111370667023095,4.732775252139715
2022-08-10,169.24000549316406,157.91149978637696,74.02281269281296,5.656770741127019,4.917574349937176
2022-08-11,168.49000549316406,158.9125,75.35212062176322,5.724925092985387,5.079044498546819
2022-08-12,172.10000610351562,160.0090003967285,81.01717317558179,6.001058322270154,5.263447263291486
2022-08-15,173.19000244140625,161.31500015258788,85.26622859359001,6.235965166216488,5.457950843876487
2022-08-16,173.02999877929688,162.41650009155273,81.74352024232692,6.336180034824224,5.6335966820660355
2022-08-17,174.5500030517578,163.49200057983398,82.40388380103339,6.46374267971521,5.799625881595871
2022-08-18,174.14999389648438,164.43199996948243,76.72170701923878,6.4581144753804836,5.931323600352794
2022-08-19,171.52000427246094,165.30350036621093,71.3797418850215,6.170308425334213,5.979120565349079
2022-08-22,167.57000732421875,166.03450088500978,64.61717656097048,5.559402977998531,5.895177047878969
2022-08-23,167.22999572753906,166.81600036621094,52.73901661518354,4.990294902111486,5.714200618725473
2022-08-24,167.52999877929688,167.35300064086914,54.2871356265603,4.511474916276285,5.473655478235635
2022-08-25,170.02999877929688,167.98700027465821,60.58820117816989,4.284348432601689,5.235794069108846
2022-08-26,163.6199951171875,168.0425003051758,47.770248495353236,3.5462365258210866,4.897882560451295
2022-08-29,161.3800048828125,168.0360008239746,44.14296598988436,2.7488420898368986,4.468074466328416
2022-08-30,158.91000366210938,167.9810012817383,31.794152180145076,1.8957398891682828,3.9536075508963897
2022-08-31,157.22000122070312,167.5355010986328,30.774480818757837,1.070936091162821,3.377073258949676
2022-09-01,157.9600067138672,167.14300155639648,23.26023085539768,0.4715496666398451,2.7959685404877104
2022-09-02,155.80999755859375,166.6660011291504,18.40002618960162,-0.17493956913801867,2.2017869185625645
2022-09-06,154.52999877929688,166.14900131225585,17.67997304389644,-0.781562781054447,1.6051169786391624
2022-09-07,155.9600067138672,165.70100173950195,17.42029924952294,-1.1338559718944055,1.057322388532449
2022-09-08,154.4600067138672,164.9620018005371,16.7735845461479,-1.5166058396819437,0.5425367428895704
2022-09-09,157.3699951171875,164.40600128173827,26.345703436872995,-1.567062007744255,0.12061699276280535
2022-09-12,163.42999267578125,163.97250061035157,43.53527151287798,-1.1053163283867775,-0.12456967146711123
2022-09-13,153.83999633789062,163.00500030517577,33.77756481287372,-1.4959675258913308,-0.3988492423519551
2022-09-14,155.30999755859375,162.11900024414064,35.60320391407332,-1.667720161305823,-0.6526234261427288
2022-09-15,152.3699951171875,161.0099998474121,29.407647328431153,-2.0178089432235993,-0.9256605295589029
2022-09-16,150.6999969482422,159.8375,33.06240380741599,-2.4023192793630983,-1.220992279519742
2022-09-19,154.47999572753906,158.9854995727539,41.305433750604216,-2.374658594179607,-1.4517255424517153
2022-09-20,156.89999389648438,158.45199890136718,47.4640303835835,-2.132877193801704,-1.5879558727217131
2022-09-21,153.72000122070312,157.7764991760254,45.744162918763266,-2.1728156583109524,-1.7049278298395611
2022-09-22,152.74000549316406,157.03699951171876,43.68955141505397,-2.2575213434331545,-1.8154465325582798
2022-09-23,150.42999267578125,156.05699920654297,43.521187010621624,-2.4824339842353993,-1.9488440228937038
2022-09-26,150.77000427246094,155.41449966430665,45.36718292610016,-2.603234313513582,-2.0797220810176795
2022-09-27,151.75999450683594,154.93349914550782,44.76829363791115,-2.5892383782855006,-2.181625340471244
2022-09-28,149.83999633789062,154.47999877929686,44.30471845151815,-2.701928158996651,-2.2856859041763253
2022-09-29,142.47999572753906,153.74299850463868,33.45922994126671,-3.346549224949399,-2.4978585683309404
2022-09-30,138.1999969482422,152.75499801635743,20.81887783825681,-4.154881310583363,-2.829263116781425
2022-10-03,142.4499969482422,152.08699798583984,34.969649547209826,-4.401809510888228,-3.143772395602786
2022-10-04,146.10000610351562,151.66549835205078,38.50762444269444,-4.253939883231908,-3.3658058931286106
2022-10-05,146.39999389648438,151.18749771118163,42.025110354127904,-4.065679013312973,-3.505780517165483
2022-10-06,145.42999267578125,150.73599700927736,42.826021119695305,-3.9492276711441434,-3.5944699479612154
2022-10-07,140.08999633789062,149.8719970703125,31.20919050296628,-4.238968034904616,-3.7233695653498957
2022-10-10,140.4199981689453,148.72149734497071,27.237573043028533,-4.3913403329814855,-3.856963718876214
2022-10-11,138.97999572753906,147.97849731445314,28.61288070029238,-4.5755485637467075,-4.000680687850313
2022-10-12,138.33999633789062,147.12999725341797,28.898000034882344,-4.718782330457827,-4.144301016371816
2022-10-13,142.99000549316406,146.6609977722168,39.797057305823984,-4.4062863195634066,-4.196698077010135
2022-10-14,138.3800048828125,146.0449981689453,34.79008017514829,-4.478988509921351,-4.253156163592378
2022-10-17,142.41000366210938,145.44149856567384,39.31917988112997,-4.1634249272673,-4.235209916327362
2022-10-18,143.75,144.78399887084962,42.949761526232116,-3.761847769432933,-4.140537486948476
2022-10-19,143.86000061035156,144.29099884033204,51.919873106662074,-3.3955767535582027,-3.991545340270422
2022-10-20,143.38999938964844,143.82349853515626,58.07656653077972,-3.107409225922595,-3.8147181174008566
2022-10-21,147.27000427246094,143.66549911499024,57.58817040641407,-2.5367088164575478,-3.559116257212195
2022-10-24,149.4499969482422,143.5994987487793,55.529863960485315,-1.8867679538062987,-3.224646596531016
2022-10-25,152.33999633789062,143.62849884033204,59.03284908651472,-1.1255121362721923,-2.8048197044792516
2022-10-26,149.35000610351562,143.60399932861327,55.61606606488441,-0.7547780285671308,-2.3948113692968276
2022-10-27,144.8000030517578,143.71999969482422,56.90414340309014,-0.8186785804647343,-2.0795848115304088
2022-10-28,155.74000549316406,144.5970001220703,67.12880915254354,0.01329330246801419,-1.6610091887307243
2022-10-31,153.33999633789062,145.14150009155273,65.71803646676254,0.4735179128639402,-1.2341037684117915
2022-11-01,150.64999389648438,145.36899948120117,62.895448067380336,0.6141094451945719,-0.8644611256905188
2022-11-02,145.02999877929688,145.3004997253418,52.09444909031606,0.26894240909453515,-0.637780418733508
2022-11-03,138.8800048828125,144.97300033569337,50.497611561693624,-0.495150279411007,-0.6092543908690078
2022-11-04,138.3800048828125,144.88750076293945,45.68614909384794,-1.1280416988451236,-0.713011852464231
2022-11-07,138.9199981689453,144.81250076293946,44.73970480168388,-1.5679652359883676,-0.8840025291690584
2022-11-08,139.5,144.8385009765625,45.299696436226434,-1.8484981718884228,-1.0769016577129313
2022-11-09,134.8699951171875,144.66500091552734,41.571027498732704,-2.416568546257963,-1.3448350354219378
2022-11-10,146.8699951171875,144.8590003967285,49.6590442939375,-1.8768337279291814,-1.4512347739233866
2022-11-11,149.6999969482422,145.425,50.210757047960605,-1.2068210178959475,-1.4023520227178987
2022-11-14,148.27999877929688,145.71849975585937,46.490320007217846,-0.7814055461003306,-1.2781627273943852
2022-11-15,150.0399932861328,146.03299942016602,50.609421635027346,-0.2987994973265131,-1.0822900813808107
2022-11-16,148.7899932861328,146.27949905395508,53.742253251831,-0.0169993223917686,-0.8692319295830023
2022-11-17,150.72000122070312,146.6459991455078,44.33408134690665,0.35793876183782913,-0.6237977912988361
2022-11-18,151.2899932861328,146.8469985961914,47.58652727882203,0.693084049438454,-0.36042142315137804
2022-11-21,148.00999450683594,146.7749984741211,46.934509434691044,0.6861115482194009,-0.15111482887722225
2022-11-22,150.17999267578125,146.66699829101563,56.500878314868174,0.8459350943799393,0.04829515577421006
2022-11-23,151.07000732421875,146.75299835205078,67.74381408357107,1.0325110059835936,0.24513832581608677
2022-11-25,148.11000061035156,146.91849822998046,63.21650684531175,0.9307963156097685,0.38226992377482316
2022-11-28,144.22000122070312,146.3424980163574,56.598606268334954,0.5301846118337039,0.4118528613865993
2022-11-29,141.1699981689453,145.73399810791017,51.95871144723622,-0.03303203328019322,0.32287588245324084
2022-11-30,148.02999877929688,145.60299835205078,64.66785444358501,0.07331431377576791,0.2729635687177463
2022-12-01,148.30999755859375,145.76699829101562,52.17260380944663,0.17813469555812844,0.25399779408582274
2022-12-02,147.80999755859375,146.2134979248047,46.93281628792099,0.21834286139261394,0.246866807547181
2022-12-05,146.6300048828125,146.6259979248047,47.30128638998201,0.1532262780223448,0.22813870164221375
2022-12-06,142.91000366210938,146.82549819946288,39.040906014249344,-0.19628939069161788,0.14325308317544744
2022-12-07,140.94000244140625,146.8974983215332,38.19550790634366,-0.6250406314701422,-0.010405659753670485
2022-12-08,142.64999389648438,147.28649826049804,37.78382134050061,-0.8174243008320161,-0.17180938796933962
2022-12-09,142.16000366210938,147.05099868774414,36.1456897274303,-0.9979244103297162,-0.337032392441415
2022-12-12,144.49000549316406,146.79049911499024,44.50001716613769,-0.9421004251474017,-0.45804599898261233
2022-12-13,145.47000122070312,146.64999923706054,42.35639106085488,-0.809451200085249,-0.5283270392031397
2022-12-14,143.2100067138672,146.30849990844726,37.78743609962697,-0.8765836915353304,-0.5979783696695778
2022-12-15,136.5,145.69400024414062,33.84357374399448,-1.4544620059823785,-0.769275096932138
2022-12-16,134.50999450683594,144.88349990844728,35.733159835332344,-2.0493874824997533,-1.0252975740456611
2022-12-19,132.3699951171875,143.9375,36.71496315912411,-2.6628545452417427,-1.3528089682848776
2022-12-20,132.3000030517578,143.1520004272461,20.12910583862292,-3.1187286247434827,-1.7059928995765987
2022-12-21,135.4499969482422,142.41550064086914,27.979425694053603,-3.189072295006838,-2.0026087786626467
2022-12-22,132.22999572753906,141.47350006103517,25.595210494539188,-3.464708347206482,-2.295028692371414
2022-12-23,131.86000061035156,140.66100006103517,26.261622514558653,-3.6706939433527452,-2.57016174256768
2022-12-27,130.02999877929688,139.95149993896484,27.96027071061536,-3.9362304517183873,-2.8433754843978214
2022-12-28,126.04000091552734,139.19500007629395,26.15234138889805,-4.4177049764455205,-3.158241382807361
2022-12-29,129.61000061035156,138.27400016784668,30.30211041655143,-4.459798090232113,-3.4185527242923115
2022-12-30,129.92999267578125,137.35499992370606,31.430277294971177,-4.41642668310493,-3.6181275160548356
2023-01-03,125.06999969482422,136.21800003051757,22.61700082770183,-4.719808334883851,-3.838463679820639
2023-01-04,126.36000061035156,135.20449981689453,23.28765078036585,-4.8008074666926746,-4.030932437195046
2023-01-05,125.0199966430664,134.30999946594238,23.902412006330323,-4.916453171720178,-4.208036584100073
2023-01-06,129.6199951171875,133.74399909973144,39.4929594663055,-4.584079379470268,-4.2832451431741125
2023-01-09,130.14999389648438,133.11899909973144,43.030682490033975,-4.229153236430619,-4.272426761825414
2023-01-10,130.72999572753906,132.54749870300293,47.24091351564489,-3.856613767623884,-4.189264162985108
2023-01-11,133.49000549316406,131.99749870300292,51.83585755508067,-3.3006163817838683,-4.01153460674486
2023-01-12,133.41000366210938,131.39449882507324,46.52352838998432,-2.8337739448505204,-3.7759824743659918
2023-01-13,134.75999450683594,130.97199821472168,54.605023793613526,-2.3280289032881,-3.4863917601504135
2023-01-17,135.94000244140625,130.943998336792,57.213582049447545,-1.8111279796106317,-3.151339004042457
2023-01-18,135.2100067138672,130.97899894714357,59.52908265348055,-1.4437422657683214,-2.80981965638763
2023-01-19,135.27000427246094,131.12399940490724,69.84947609832963,-1.1346654224340398,-2.4747888095969124
2023-01-20,137.8699951171875,131.40249900817872,68.53680569205302,-0.6721738632915617,-2.1142658203358424
2023-01-23,141.11000061035156,131.68549919128418,72.18255811207581,-0.04370084897266224,-1.7001528260632064
2023-01-24,142.52999877929688,132.20049934387208,90.1194792518005,0.5624667608964558,-1.247628908671274
2023-01-25,141.86000061035156,132.70049934387208,86.66036056649519,0.977527378958996,-0.80259765114522
2023-01-26,143.9600067138672,133.3969997406006,93.24202911223466,1.45909926314647,-0.35025826828688195
2023-01-27,145.92999267578125,134.3914993286133,92.31968567034978,1.976921137883096,0.11517761294711365
2023-01-30,143.0,135.0609992980957,79.64932219095823,2.1263614116129474,0.5174143726802805
2023-01-31,144.2899932861328,135.77899932861328,80.29493541256731,2.322117655604302,0.8783550292650848
2023-02-01,145.42999267578125,136.79699897766113,78.7572444460778,2.539965175220715,1.210677058456211
2023-02-02,150.82000732421875,138.0199993133545,83.39090746270753,3.1116706377560206,1.590875774316173
2023-02-03,154.5,139.49399948120117,84.75355693923505,3.8176880581777937,2.036238231088497
2023-02-06,151.72999572753906,140.59949951171876,76.32545258705125,4.106360191381157,2.4502626231470295
2023-02-07,154.64999389648438,141.82449951171876,80.20509761506571,4.518666016440619,2.8639433018057474
2023-02-08,151.9199981689453,142.88399963378907,73.8880997999937,4.572425439387899,3.205639729322178
2023-02-09,150.8699951171875,143.75299911499025,69.5195266749391,4.478676305780311,3.460247044613805
2023-02-10,151.00999450683594,144.63299865722655,66.39072830951716,4.365355126136279,3.6412686609183
2023-02-13,153.85000610351562,145.58749923706054,67.90007759688996,4.453376721009164,3.8036902729364725
2023-02-14,153.1999969482422,146.45049896240235,67.94302871452453,4.419736194964571,3.926899457342093
2023-02-15,155.3300018310547,147.4564987182617,67.97343244067261,4.512927212846705,4.044105008443015
2023-02-16,153.7100067138672,148.37849884033204,62.43607823930824,4.405280368929169,4.116340080540246
2023-02-17,152.5500030517578,149.11249923706055,66.18094705757952,4.178203143595539,4.1287126931513045
2023-02-21,148.47999572753906,149.48099899291992,56.488072735520944,3.6280058369879953,4.028571321918642
2023-02-22,148.91000366210938,149.79999923706055,55.50982542773345,3.1898974025233997,3.860836538039594
2023-02-23,149.39999389648438,150.1769989013672,47.33880773370577,2.8493854864967716,3.6585463277310297
2023-02-24,146.7100067138672,150.3144989013672,34.83848205742267,2.335545144711631,3.39394609112715
2023-02-27,147.9199981689453,150.41399917602538,42.10526981428925,2.0028713161430574,3.1157311361303317
2023-02-28,147.41000366210938,150.63449935913087,33.33335675074923,1.6787213608372156,2.828329181071709
2023-03-01,145.30999755859375,150.6854995727539,34.32907307791095,1.2381051384700186,2.5102843725513706
2023-03-02,145.91000366210938,150.70950012207032,37.98452535145461,0.9266472729246402,2.193556952626025
2023-03-03,151.02999877929688,150.71999969482422,50.039040328570074,1.0805001537354144,1.9709455928479027
2023-03-06,153.8300018310547,150.68649978637694,49.96089861018569,1.4120888348101346,1.8591742412403491
2023-03-07,151.60000610351562,150.68000030517578,47.05450749652941,1.4778969589845588,1.7829187847891912
2023-03-08,152.8699951171875,150.59100036621095,45.32317626820686,1.6139235649527564,1.7491197408219044
2023-03-09,150.58999633789062,150.5245002746582,44.213625499406,1.5202245807964516,1.703340708816814
2023-03-10,148.5,150.40600051879883,42.739319519618434,1.2627658445368866,1.6152257359608284
2023-03-13,150.47000122070312,150.37900085449218,53.858100748385816,1.2038137600074208,1.532943340770147
2023-03-14,152.58999633789062,150.31600036621094,56.69577761662612,1.3130239736701697,1.4889594673501516
2023-03-15,152.99000549316406,150.30550079345704,56.55351529139641,1.4155338574599625,1.4742743453721139
2023-03-16,155.85000610351562,150.33150100708008,66.58201244511179,1.7078646258423191,1.5209924014661549
2023-03-17,155.0,150.39600067138673,63.0147107084735,1.84962910419938,1.5867197420128
2023-03-20,157.39999389648438,150.63850021362305,67.17083446545973,2.131072250162248,1.6955902436426897
2023-03-21,159.27999877929688,151.17850036621093,74.19467194919304,2.477262315284463,1.8519246579710444
2023-03-22,157.8300018310547,151.6245002746582,70.05384219262535,2.6045936659872666,2.002458459574289
2023-03-23,158.92999267578125,152.10100021362305,65.36964888135779,2.7624212740546454,2.1544510224703606
2023-03-24,160.25,152.7779998779297,63.253513398068776,2.9598945281869646,2.315539723613681
2023-03-27,158.27999877929688,153.29599990844727,63.93988952021408,2.9237279543805528,2.4371773697670553
2023-03-28,157.64999389648438,153.80799942016603,60.24870771445397,2.8118166827764526,2.512105232368935
2023-03-29,160.77000427246094,154.58099975585938,71.06788071627832,2.940983133218367,2.597880812538821
2023-03-30,162.36000061035156,155.40349960327148,79.28991869509727,3.1355037565790553,2.7054054013468685
2023-03-31,164.89999389648438,156.09699935913085,79.7771071666526,3.454794264868468,2.8552831740511886
2023-04-03,166.1699981689453,156.7139991760254,79.04189506426242,3.7668906533272093,3.0376046699063926
2023-04-04,165.6300048828125,157.41549911499024,76.87074212067287,3.9254066994842844,3.215165075821971
2023-04-05,163.75999450683594,157.95999908447266,67.55433527460048,3.8556915865723624,3.3432703779720496
2023-04-06,164.66000366210938,158.6634994506836,71.39060307986733,3.8289275807335628,3.4404018185243523
2023-04-10,162.02999877929688,159.33999938964843,60.14905564199888,3.5545231686328407,3.46322608854605
2023-04-11,160.8000030517578,159.85649948120118,53.4296095998083,3.200907253039304,3.410762321444701
2023-04-12,160.10000610351562,160.23199996948242,55.301266385722755,2.831539958591577,3.2949178488740767
2023-04-13,165.55999755859375,160.8604995727539,62.86379483487126,2.9454362404568144,3.2250215271906244
2023-04-14,165.2100067138672,161.3284996032715,60.00001230547353,2.973185496578651,3.17465432106823
2023-04-17,165.22999572753906,161.83999938964843,65.20787687721578,2.9626384761513407,3.1322511520848524
2023-04-18,166.47000122070312,162.2934997558594,68.79797642106467,3.019530696340695,3.1097070609360213
2023-04-19,167.6300048828125,162.71100006103515,65.9535011138924,3.122229671570807,3.1122115830629786
2023-04-20,166.64999389648438,163.15199966430663,60.26805507772925,3.088933352154328,3.1075559368812486
2023-04-21,165.02000427246094,163.4565002441406,50.30032633042846,2.897617310214713,3.0655682115479417
2023-04-24,165.3300018310547,163.71050033569335,47.791806458755524,2.7394336944493887,3.0003413081282315
2023-04-25,163.77000427246094,163.98500061035156,45.359278359542564,2.4598377948656776,2.892240605475721
2023-04-26,163.75999450683594,164.29050064086914,50.0,2.211950339018159,2.7561825521842085
2023-04-27,168.41000366210938,164.67250061035156,58.54993445606887,2.3634700103386876,2.6776400438151047
2023-04-28,169.67999267578125,165.03850021362305,68.59504745288464,2.556557537274898,2.6534235425070634
2023-05-01,169.58999633789062,165.27300033569335,72.61966933231136,2.6715231848458814,2.657043470974827
2023-05-02,168.5399932861328,165.39150009155273,71.33466687135164,2.6473903497844162,2.6551128467367446
2023-05-03,167.4499969482422,165.4824996948242,56.132384204913514,2.511361892513804,2.6263626558921565
2023-05-04,165.7899932861328,165.58399963378906,51.73440947943075,2.2437454370763703,2.549839212128999
2023-05-05,173.57000732421875,166.02949981689454,67.03431914894944,2.629132576884956,2.5656978850801906
2023-05-08,173.5,166.60299987792968,65.07934429835184,2.8955278135279627,2.6316638707697453
2023-05-09,171.77000427246094,167.15149993896483,58.668333119275964,2.933239205128018,2.6919789376414
2023-05-10,173.55999755859375,167.82449951171876,63.99352567604649,3.0721494270118512,2.7680130355154904
2023-05-11,173.75,168.23399963378907,68.7741720389601,3.1611288619673132,2.8466362008058548
2023-05-12,172.57000732421875,168.60199966430665,65.00829680482866,3.100687364084166,2.8974464334615173
2023-05-15,172.07000732421875,168.94400024414062,67.99652740327448,2.9781114057531113,2.9135794279198364
2023-05-16,172.07000732421875,169.2240005493164,68.02605578559584,2.8481375192458245,2.900491046185034
2023-05-17,172.69000244140625,169.47700042724608,61.25131769587339,2.7633070190030082,2.873054240748629
2023-05-18,175.0500030517578,169.89700088500976,63.351591777705785,2.853615855034491,2.869166563605801
2023-05-19,175.16000366210938,170.40400085449218,63.83508686819684,2.9006257797591672,2.8754584068364744
2023-05-22,174.1999969482422,170.84750061035157,64.1217596026016,2.8278196207619715,2.865930649621574
2023-05-23,171.55999755859375,171.23700027465821,59.51829180810546,2.5279536517663814,2.7983352500505356
2023-05-24,171.83999633789062,171.64100036621093,64.96784028183072,2.2865434231038932,2.6959768846612073
2023-05-25,172.99000549316406,171.87000045776367,47.8645001735996,2.163085502229393,2.589398608174845
2023-05-26,175.42999267578125,172.15750045776366,56.05014072541992,2.2363515160866427,2.5187891897572046
2023-05-30,177.3000030517578,172.54300079345703,67.18458681769299,2.4174427932198057,2.498519910449725
2023-05-31,177.25,172.9785011291504,62.857145895227994,2.527785370397936,2.504373002439367
2023-06-01,180.08999633789062,173.61050109863282,68.64704805261948,2.8119818510342043,2.5658947721583347
2023-06-02,180.9499969482422,174.36850128173828,75.11986102433264,3.071201571434983,2.6669561320136643
2023-06-05,179.5800018310547,174.66900100708008,71.39599202543653,3.130007137085215,2.7595663330279745
2023-06-06,179.2100067138672,174.95450134277343,69.92187533261523,3.110894996698363,2.8298320657620524
2023-06-07,177.82000732421875,175.25700149536132,63.72392780283263,2.949586160506527,2.8537828847109474
2023-06-08,180.57000732421875,175.60750198364258,64.46541861300179,3.0089642955641693,2.884819166881592
2023-06-09,180.9600067138672,175.96800231933594,64.97934625233592,3.0523064974694307,2.9183166329991597
2023-06-12,183.7899932861328,176.52900161743165,72.58597541341797,3.277233858032133,2.9901000780057547
2023-06-13,183.30999755859375,177.09100112915038,80.80758859630171,3.377821346213068,3.0676443316472173
2023-06-14,183.9499969482422,177.68500061035155,81.16318755924273,3.4691895991335002,3.147953385144474
2023-06-15,186.00999450683594,178.35100021362305,82.0059264816204,3.6655697780429364,3.2514766637241665
2023-06-16,184.9199981689453,178.84449996948243,74.98688256662973,3.690704742792178,3.339322279537769
2023-06-20,185.00999450683594,179.33699951171874,72.39979359359927,3.6755172607289524,3.406561275776006
2023-06-21,183.9600067138672,179.825,68.42401628279372,3.5379722897505133,3.4328434785709074
2023-06-22,187.0,180.5970001220703,68.76704290211302,3.632396950245237,3.472754172905774
2023-06-23,186.67999267578125,181.33899993896483,66.03249012701463,3.639453898270716,3.506094117978763
2023-06-26,185.27000427246094,181.9529998779297,65.88503815987445,3.4910298806666162,3.5030812705163337
2023-06-27,188.05999755859375,182.58450012207032,71.76590412528905,3.5575230078686673,3.5139696179868007
2023-06-28,189.25,183.18199996948243,78.39052299967557,3.6640061597446447,3.5439769263383694
2023-06-29,189.58999633789062,183.79899978637695,75.45152218129087,3.7328002896245494,3.5817415989956056
2023-06-30,193.97000122070312,184.49300003051758,79.9632129425218,4.093561888704983,3.684105656937481
2023-07-03,192.4600067138672,185.06850051879883,71.26050306972512,4.209104185003838,3.7891053625507527
2023-07-05,191.3300018310547,185.65600051879883,69.05897924032273,4.161518937207262,3.863588077482055
2023-07-06,191.80999755859375,186.28600006103517,68.82187740474382,4.115102588142378,3.91389097961412
2023-07-07,190.67999267578125,186.9289993286133,61.70427575699401,3.9416979070478533,3.919452365100867
2023-07-10,188.61000061035156,187.33099899291992,58.81511971573255,3.595792332229564,3.8547203585266065
2023-07-11,188.0800018310547,187.6869987487793,57.182995811501875,3.241526895693198,3.732081665959925
2023-07-12,189.77000427246094,187.9859992980957,63.19855301342304,3.0618430373716023,3.598033940242261
2023-07-13,190.5399932861328,188.34749908447264,58.9665597107165,2.947595912570705,3.4679463347079498
2023-07-14,190.69000244140625,188.68449935913085,60.245310470333045,2.8364617626479856,3.341649420295957
2023-07-17,193.99000549316406,189.08349990844727,70.31687952662183,2.9803146035878,3.269382456954326
2023-07-18,193.72999572753906,189.52399978637695,64.97621709547903,3.0383146018972127,3.2231688859429033
2023-07-19,195.10000610351562,190.02850036621095,65.30612570804395,3.158420105187332,3.2102191297917892
2023-07-20,193.1300048828125,190.48700027465821,58.53424542641431,3.059375372436193,3.18005037832067
2023-07-21,191.94000244140625,190.7340003967285,44.21653372840949,2.851982576551052,3.1144368179667463
2023-07-24,192.75,191.03750076293946,50.860513111222396,2.7216093072234457,3.0358713158180866
2023-07-25,193.6199951171875,191.4550003051758,56.90172298189089,2.6578508371016767,2.9602672200748046
2023-07-26,194.5,191.7770004272461,57.91641893991511,2.6478085410528536,2.8977754842704146
2023-07-27,193.22000122070312,191.97550048828126,57.40958685573067,2.5076580242495936,2.8197519922662506
2023-07-28,195.8300018310547,192.28750076293946,70.41852870253858,2.5774813657650952,2.7712978669660195
2023-07-31,196.4499969482422,192.4115005493164,73.55088890720742,2.6522715558931793,2.747492604751452
2023-08-01,195.61000061035156,192.56900024414062,67.25765869759304,2.613634286949349,2.7207209411910314
2023-08-02,192.5800018310547,192.63150024414062,55.31805546937029,2.3118686119417475,2.6389504753411748
2023-08-03,191.1699981689453,192.5995002746582,51.17415682945929,1.936617507628597,2.498483881798659
2023-08-04,181.99000549316406,192.16500091552734,27.203653760084592,0.8882405314504922,2.176435211729026
2023-08-07,178.85000610351562,191.67700119018554,24.520563049375255,-0.19374412235274008,1.7023993449126729
2023-08-08,179.8000030517578,191.26300125122071,23.41902047849426,-0.9634617541353236,1.1692271251030735
2023-08-09,178.19000244140625,190.68400115966796,23.71567307299955,-1.6839703547436216,0.5985876291337344
2023-08-10,177.97000122070312,190.05550155639648,24.55371486446073,-2.2468308046809398,0.029503942370799563
2023-08-11,177.7899932861328,189.4105010986328,22.11034463140227,-2.676573034544191,-0.5117114530121986
2023-08-14,179.4600067138672,188.68400115966796,24.366431781581724,-2.849542963597372,-0.9792777551292333
2023-08-15,177.4499969482422,187.87000122070313,20.347836517155386,-3.1129299495595717,-1.406008194015301
2023-08-16,176.57000732421875,186.9435012817383,20.63493772154841,-3.3540108920496436,-1.7956087336221696
2023-08-17,174.0,185.98700103759765,11.444733402503601,-3.7096844552823995,-2.1784238779542155
2023-08-18,174.49000549316406,185.11450119018554,11.03624311378671,-3.9069817152803523,-2.524135445419443
2023-08-21,175.83999633789062,184.26900100708008,15.545500042813941,-3.909343755126457,-2.801177107360846
2023-08-22,177.22999572753906,183.44950103759766,21.626625299675652,-3.7557602879669503,-2.9920937434820667
2023-08-23,181.1199951171875,182.78050079345704,32.98340962724238,-3.282317332038531,-3.0501384611933595
2023-08-24,176.3800048828125,181.9385009765625,38.82025106139454,-3.252099794585604,-3.0905307278718084
2023-08-25,178.61000061035156,181.07750091552734,49.50371088832249,-3.013472722366231,-3.075119126770693
2023-08-28,180.19000244140625,180.26450119018554,50.78597176172193,-2.6661325884080327,-2.993321819098161
2023-08-29,184.1199951171875,179.69000091552735,60.928845574108315,-2.0501130382256747,-2.804680062923664
2023-08-30,187.64999389648438,179.44350051879883,65.90011810021073,-1.2625181827459926,-2.49624768688813
2023-08-31,187.8699951171875,179.27850036621095,66.53543839238023,-0.6135190597614439,-2.119701961462793
2023-09-01,189.4600067138672,179.6520004272461,66.44737172324969,0.02878623871953323,-1.6900043214263278
2023-09-05,189.6999969482422,180.19449996948242,71.39366218726916,0.5508333574941844,-1.2418367856422254
2023-09-06,182.91000366210938,180.35,59.177765447435334,0.411915443594836,-0.9110863397948132
2023-09-07,177.55999755859375,180.31849975585936,54.769560250584476,-0.1283986845964762,-0.7545488087551459
2023-09-08,178.17999267578125,180.3289993286133,54.92655606173765,-0.5008001866846996,-0.7037990843410566
2023-09-11,179.36000061035156,180.40749969482422,54.721037860068485,-0.692728933577996,-0.7015850541884446
2023-09-12,176.3000030517578,180.24949951171874,48.80617058668211,-1.0793084814468443,-0.7771297396401247
2023-09-13,174.2100067138672,180.0875,40.6998756705759,-1.5366077384243226,-0.9290253393969643
2023-09-14,175.74000549316406,180.04599990844727,49.05716023667767,-1.7553282480961343,-1.0942859211367983
2023-09-15,175.00999450683594,180.09649963378905,44.45128570810372,-1.964921224690272,-1.2684129818474932
2023-09-18,177.97000122070312,180.270499420166,46.71791729756167,-1.870614089865029,-1.3888532034510004
2023-09-19,179.07000732421875,180.43199996948243,41.85223554158079,-1.687659419395402,-1.4486144466398807
2023-09-20,175.49000549316406,180.34500045776366,30.41240483542002,-1.8106704712837427,-1.521025651568653
2023-09-21,173.92999267578125,179.98550033569336,28.474386656726637,-2.0108576971266814,-1.6189920606802588
2023-09-22,174.7899932861328,179.90599975585937,26.82464121383694,-2.0761797462106415,-1.7104295977863353
2023-09-25,176.0800018310547,179.77949981689454,29.174346602707388,-2.0007911571947545,-1.7685019096680192
2023-09-26,171.9600067138672,179.36800003051758,31.768263899933388,-2.247585563670839,-1.8643186404685832
2023-09-27,170.42999267578125,178.68349990844726,36.39833917641128,-2.537381895843623,-1.9989312915435913
2023-09-28,170.69000244140625,177.83550033569335,35.51262905006169,-2.7147727514750954,-2.1420995835298924
2023-09-29,171.2100067138672,177.00250091552735,33.82299849290308,-2.781334787554414,-2.2699466243347968
2023-10-02,173.75,176.21700057983398,44.83178570699607,-2.599167860944391,-2.3357908716567155
2023-10-03,172.39999389648438,175.35200042724608,46.21812034960571,-2.5345171334141696,-2.3755361240082062
2023-10-04,173.66000366210938,174.8895004272461,45.60440658924652,-2.3544678683373377,-2.3713224728740325
2023-10-05,174.91000366210938,174.7570007324219,49.79323705641255,-2.0868569869428484,-2.3144293756877956
2023-10-06,177.49000549316406,174.722501373291,48.9916083297377,-1.647596384091571,-2.1810627773685507
2023-10-09,178.99000549316406,174.70400161743163,49.834707356673334,-1.1650121922953929,-1.9778526603539193
2023-10-10,178.38999938964844,174.80850143432616,56.8331418200331,-0.8215064070683411,-1.7465834096968036
2023-10-11,179.8000030517578,175.0880012512207,63.92974746659116,-0.4305371218695484,-1.4833741521313526
2023-10-12,180.7100067138672,175.33650131225585,64.01514604182861,-0.046722864159562505,-1.1960438945369947
2023-10-13,178.85000610351562,175.52850189208985,56.38542672807688,0.1061426493363058,-0.9356065857623346
2023-10-16,178.72000122070312,175.56600189208984,69.09596712388286,0.21432871456497082,-0.7056195256968736
2023-10-17,177.14999389648438,175.47000122070312,68.94019672943338,0.17140463479717027,-0.5302146935980648
2023-10-18,175.83999633789062,175.48750076293945,63.70405319370096,0.03132009885425191,-0.4179077351076015
2023-10-19,175.4600067138672,175.56400146484376,61.394086961075,-0.1091022295000812,-0.35614663398609747
2023-10-20,172.8800048828125,175.46850204467773,47.6725693338885,-0.42368850485325993,-0.36965500815952995
2023-10-23,173.0,175.314501953125,51.71822837467009,-0.6557586143161416,-0.4268757293908523
2023-10-24,173.44000244140625,175.38850173950195,49.33893922165572,-0.79500698265133,-0.5005019800429479
2023-10-25,171.10000610351562,175.42200241088867,39.25551269671605,-1.0817111730288502,-0.6167438186401284
2023-10-26,166.88999938964844,175.23200225830078,22.623973618710295,-1.6298507617752591,-0.8193652072671546
2023-10-27,168.22000122070312,175.08250198364257,21.938524391378436,-1.9346340455035431,-1.0424189749144324
2023-10-30,170.2899932861328,174.9095016479492,30.396890929958772,-1.9862496837121455,-1.2311851166739751
2023-10-31,170.77000427246094,174.82800216674804,27.116082739248867,-1.9657624875734996,-1.37810059085388
2023-11-01,173.97000122070312,174.84350204467773,34.695721649806,-1.6720390019917488,-1.4368882730814536
2023-11-02,177.57000732421875,174.97650222778321,47.306400982316255,-1.1356792144094072,-1.3766464613470444
2023-11-03,176.64999389648438,174.93450164794922,45.78410228042588,-0.7759034808874219,-1.25649786525512
2023-11-06,179.22999572753906,174.94650115966797,54.06885913147924,-0.27937358940133095,-1.0610730100843622
2023-11-07,181.82000732421875,175.11800155639648,61.140098738592876,0.3194399126594192,-0.7849704255356059
2023-11-08,182.88999938964844,175.27250137329102,63.494342115764915,0.8703109418562462,-0.45391415205723556
2023-11-09,182.41000366210938,175.3575012207031,68.73769187474724,1.2536967221713553,-0.11239197721151739
2023-11-10,186.39999389648438,175.73500061035156,72.8668694921274,1.8580728739106291,0.2817009930129119
2023-11-13,184.8000030517578,176.03900070190429,68.64740332637521,2.1827777359627873,0.661916341602887
2023-11-14,187.44000244140625,176.5535011291504,76.56045375536736,2.622899414112794,1.0541129561048685
2023-11-15,188.00999450683594,177.16200103759766,88.93805110569977,2.98330295162512,1.439950955208919
2023-11-16,189.7100067138672,177.87450103759767,89.08694288640281,3.3672861505033893,1.8254179942678133
2023-11-17,189.69000244140625,178.71500091552736,88.12892228279483,3.6281582743227716,2.185966050278805
2023-11-20,191.4499969482422,179.63750076293945,88.69758931702074,3.9315971550761333,2.535092271238271
2023-11-21,190.63999938964844,180.49750061035155,84.25811120915702,4.05991445406832,2.840056707804281
2023-11-22,191.30999755859375,181.50800018310548,82.10279007750611,4.167628266424572,3.1055710195283392
2023-11-24,189.97000122070312,182.6620002746582,80.52250568883505,4.0976307959725204,3.3039829748171754
2023-11-27,189.7899932861328,183.7404998779297,77.18848313988755,3.9817332184050827,3.439533023534757
2023-11-28,190.39999389648438,184.74599990844726,74.5986249569096,3.894215413234633,3.530469501474733
2023-11-29,189.3699951171875,185.6759994506836,68.62070023896696,3.6991036642456834,3.5641963340289236
2023-11-30,189.9499969482422,186.47499923706056,71.54285674425986,3.5503512586632837,3.561427318955796
2023-12-01,191.24000549316406,187.15849914550782,66.35138715766965,3.4962541723043614,3.5483926896255094
2023-12-04,189.42999267578125,187.79749908447266,65.42299102264214,3.2696385759378757,3.492641866887983
2023-12-05,193.4199981689453,188.50699920654296,68.27623578701532,3.3731209420462562,3.468737681919638
2023-12-06,192.32000732421875,189.03199920654296,62.75904436243399,3.3280081877991563,3.4405917830955417
2023-12-07,194.27000427246094,189.6009994506836,63.30219854569798,3.410292730197,3.4345319725158334
2023-12-08,195.7100067138672,190.2659996032715,66.21767272386461,3.550768931330879,3.4577793642788426
2023-12-11,193.17999267578125,190.60499954223633,54.47489092707447,3.4185395481972307,3.4499314010625204
2023-12-12,194.7100067138672,191.1004997253418,60.14961948249619,3.3980357148976736,3.439552263829551
2023-12-13,197.9600067138672,191.62649993896486,64.69287288708725,3.6025066635673113,3.472143143777103
2023-12-14,198.11000061035156,192.13150024414062,68.98316483938808,3.733615818357748,3.524437678693232
2023-12-15,197.57000732421875,192.5245002746582,67.84404141704937,3.7507119502159014,3.5696925329977662
2023-12-18,195.88999938964844,192.83450012207032,62.00261407208781,3.587345472415791,3.573223120881371
2023-12-19,196.94000244140625,193.1090003967285,66.53558843880697,3.502231290548366,3.55902475481477
2023-12-20,194.8300018310547,193.31850051879883,59.99180200850792,3.2273157855181864,3.4926829609554533
2023-12-21,194.67999267578125,193.48700027465821,57.38827448201819,2.9631810750537397,3.3867825837751107
2023-12-22,193.60000610351562,193.66850051879882,59.24614199932604,2.6363167055341705,3.2366894081269226
2023-12-26,193.0500030517578,193.83150100708008,49.03193403992673,2.3063080049950315,3.0506131275005446
2023-12-27,193.14999389648438,193.96900100708007,52.291512548257664,2.0294479451206655,2.846380091024569
2023-12-28,193.5800018310547,194.17950134277345,47.92043000467236,1.8237098081464183,2.641846034448939
2023-12-29,192.52999877929688,194.30850143432616,40.18517733602716,1.557975015127255,2.4250718305846024
